id,date,duration,quantity,SFS,E,SAT,ENV,SENV,MT,CT,DIST,recipe_id,user_id
1,2023-11-08 10:25:00.000000 +00:00,15,300,4,{},4,2,1,1,1,1,186596,3
2,2023-11-08 11:45:00.000000 +00:00,10,1 Plate,3,{},4,4,4,2,3,4,216053,1
3,2023-11-08 11:50:00.000000 +00:00,3,1 Glass,2,{},5,4,4,2,3,4,486653,1
4,2023-11-08 10:30:00.000000 +00:00,4,1 piece,5,{},4,2,1,1,1,1,351592,6
5,2023-11-08 15:00:00.000000 +00:00,5,1 piece,5,{},5,2,1,2,1,1,214148,6
6,2023-11-08 15:00:00.000000 +00:00,5,4 table spoons,5,{},5,2,1,2,1,1,228543,6
7,2023-11-08 18:13:00.000000 +00:00,20,142,5,{},4,2,1,3,1,1,42044,3
8,2023-11-08 15:00:00.000000 +00:00,5,1 piece,2,{},3,4,3,4,3,4,136034,3
9,2023-11-08 09:20:00.000000 +00:00,15,A plate,3,{},4,2,2,1,1,4,316298,5
10,2023-11-08 17:21:00.000000 +00:00,20,Two plates,4,{},5,2,2,3,1,4,17424,5
11,2023-11-08 20:23:00.000000 +00:00,8,1 piece,4,{},4,2,2,4,3,4,372597,5
12,2023-11-08 12:30:00.000000 +00:00,15,A plate,4,{},3,3,6,2,3,0,378770,8
13,2023-11-08 14:40:00.000000 +00:00,15,2 piece,3,{},3,3,3,4,3,2,34821,8
14,2023-11-08 18:30:00.000000 +00:00,15,A plate,4,{},4,2,2,3,2,4,17424,8
15,2023-11-08 15:52:00.000000 +00:00,10,1,4,{},5,3,1,4,3,1,442891,1
16,2023-11-08 18:55:00.000000 +00:00,15,6 Pieces,2,{},5,2,1,4,3,1,360905,1
17,2023-11-08 19:00:00.000000 +00:00,4,12 table spoons,4,{},4,2,1,3,1,1,7065,6
18,2023-11-08 20:25:00.000000 +00:00,15,15 Pieces,5,{},5,2,2,3,1,1,4623,1
19,2023-11-08 19:00:00.000000 +00:00,15,600,5,{},5,2,2,3,1,1,412687,9
20,2023-11-08 12:00:00.000000 +00:00,5,200,5,{},2,3,1,2,3,4,304052,9
21,2023-11-08 08:00:00.000000 +00:00,5,100,3,{},2,2,1,1,3,0,131472,9
22,2023-11-08 19:06:00.000000 +00:00,10,1 plate,4,{},4,2,2,3,1,1,40284,11
23,2023-11-08 10:09:00.000000 +00:00,10,3 slices,5,{},5,2,2,1,1,4,128594,11
24,2023-11-08 19:28:00.000000 +00:00,0,1 plate,5,{},5,2,2,3,1,1,301377,12
25,2023-11-08 09:29:00.000000 +00:00,18,3 slices,5,{},5,2,2,1,1,4,39683,12
26,2023-11-09 08:06:00.000000 +00:00,10,1,5,{},4,2,2,1,1,4,139420,1
27,2023-11-09 11:35:00.000000 +00:00,15,10,3,{},5,3,4,2,1,4,4623,1
28,2023-11-09 11:50:00.000000 +00:00,5,1,3,{},5,3,4,2,3,4,166239,1
29,2023-11-09 18:00:00.000000 +00:00,20,3 Slices,5,{},3,2,1,3,1,1,351592,1
30,2023-11-09 13:50:00.000000 +00:00,15,500,5,{},4,1,4,2,3,4,46921,9
31,2023-11-09 19:59:00.000000 +00:00,10,300,5,{},3,2,1,3,1,1,87012,9
32,2023-11-09 08:00:00.000000 +00:00,3,100,3,{},4,2,1,1,3,0,337766,9
33,2023-11-09 14:00:00.000000 +00:00,5,1 piece,2,{},3,4,3,4,3,5,258229,3
34,2023-11-09 20:06:00.000000 +00:00,20,A plate,4,{},4,1,4,3,3,4,181119,3
35,2023-11-09 07:00:00.000000 +00:00,7,2 piece,3,{},3,2,1,1,1,0,214485,3
36,2023-11-09 20:10:00.000000 +00:00,0,"",4,{},5,2,2,3,1,4,489692,5
37,2023-11-09 12:30:00.000000 +00:00,15,3 piece,3,{},4,5,3,4,1,4,222289,5
38,2023-11-09 09:00:00.000000 +00:00,10,100gr,3,{},2,2,1,1,1,0,180223,5
39,2023-11-09 08:15:00.000000 +00:00,5,2 piece,3,{},4,2,1,1,1,0,383124,8
40,2023-11-09 11:10:00.000000 +00:00,5,A plate,3,{},3,3,1,5,1,0,342922,8
41,2023-11-09 06:30:00.000000 +00:00,10,200 grams,4,{},5,1,3,3,0,4,498608,8
42,2023-11-08 20:00:00.000000 +00:00,20,A plate,4,{},5,2,2,3,2,0,244079,14
43,2023-11-08 13:00:00.000000 +00:00,15,A plate,4,{},4,3,4,2,1,5,428697,14
44,2023-11-08 09:00:00.000000 +00:00,5,2 piece,3,{},3,2,1,1,1,0,474031,14
45,2023-11-09 21:00:00.000000 +00:00,10,A plate,4,{},3,2,2,3,1,1,249741,14
46,2023-11-09 08:10:00.000000 +00:00,10,2 piece,4,{},4,2,2,1,1,4,241570,14
47,2023-11-09 15:30:00.000000 +00:00,6,2 piece,3,{},3,3,4,4,3,4,314549,14
48,2023-11-09 20:43:00.000000 +00:00,20,3,5,{},4,2,2,3,1,1,25244,1
49,2023-11-10 08:15:00.000000 +00:00,5,1,3,{},4,2,2,1,1,4,251089,1
50,2023-11-10 13:25:00.000000 +00:00,20,1 Plate,3,{},3,2,6,2,1,4,372363,1
51,2023-11-09 06:30:00.000000 +00:00,3,1 piece,3,{},3,2,1,1,1,0,351592,6
52,2023-11-09 13:00:00.000000 +00:00,5,12 table spoons,4,{},5,3,3,2,1,4,7065,6
53,2023-11-09 20:00:00.000000 +00:00,3,2 pieces,4,{},4,2,1,3,1,0,477148,6
54,2023-11-10 13:00:00.000000 +00:00,5,10 table spoons,4,{},5,3,3,2,1,4,405236,6
55,2023-11-10 15:00:00.000000 +00:00,2,1 piece,3,{},3,2,1,4,1,1,351592,6
56,2023-11-10 20:00:00.000000 +00:00,5,1 piece,4,{},5,2,1,3,1,1,443975,6
57,2023-11-11 10:45:00.000000 +00:00,10,1,,{},,,,1,,,205530,17
58,2023-11-10 11:00:00.000000 +00:00,15,A plate,3,{},5,1,1,1,0,2,96114,3
59,2023-11-10 19:00:00.000000 +00:00,7,A plate,4,{},4,2,1,3,1,1,428697,3
60,2023-11-10 14:15:00.000000 +00:00,5,2 piece,3,{},4,4,3,4,1,4,191494,3
61,2023-11-10 18:30:00.000000 +00:00,16,Two plates,4,{},5,2,2,3,1,4,72384,5
62,2023-11-10 10:00:00.000000 +00:00,15,4 piece,5,{},5,2,2,1,1,4,76561,5
63,2023-11-10 15:30:00.000000 +00:00,100,2 piece,3,{},3,2,1,4,3,0,54340,5
64,2023-11-10 20:00:00.000000 +00:00,15,2 piece,4,{},4,1,3,3,0,4,46569,8
65,2023-11-10 08:00:00.000000 +00:00,8,3 piece,3,{},3,2,1,1,3,0,222289,8
66,2023-11-10 13:02:00.000000 +00:00,7,A plate,4,{},5,3,3,2,2,4,191210,8
67,2023-11-10 14:08:00.000000 +00:00,5,2 piece,3,{},5,3,4,4,3,4,451140,14
68,2023-11-10 11:00:00.000000 +00:00,9,2 plate,5,{},5,2,2,1,1,0,296429,14
69,2023-11-10 20:10:00.000000 +00:00,6,A plate,4,{},4,2,2,3,1,0,311082,14
70,2023-11-10 20:30:00.000000 +00:00,15,500,5,{},4,2,1,3,1,1,331526,9
71,2023-11-10 13:30:00.000000 +00:00,15,400,4,{},3,3,3,2,1,4,7065,9
72,2023-11-11 10:32:00.000000 +00:00,5,200,4,{},4,2,1,1,1,1,438662,9
73,2023-11-11 13:00:00.000000 +00:00,30,2 Plates,4,{},4,2,2,2,1,0,192308,18
74,2023-11-11 08:45:00.000000 +00:00,3,1 piece,4,{},4,2,1,1,1,0,351592,6
75,2023-11-11 15:00:00.000000 +00:00,8,8 table spoons,5,{},5,2,1,2,1,1,466518,6
76,2023-11-11 19:00:00.000000 +00:00,5,1 piece,3,{},5,2,2,3,1,4,443975,6
77,2023-11-11 15:11:00.000000 +00:00,15,500,5,{},5,2,2,2,1,4,342301,9
78,2023-11-11 21:13:00.000000 +00:00,15,600,5,{},5,2,2,3,1,1,5195,9
79,2023-11-11 21:29:00.000000 +00:00,5,2 plates,4,{},3,2,1,3,1,6,351592,18
80,2023-11-11 22:38:00.000000 +00:00,6,Two plates,5,{},5,2,1,3,1,2,182048,3
81,2023-11-11 14:00:00.000000 +00:00,15,"",3,{},5,2,1,4,3,5,471905,3
82,2023-11-11 20:00:00.000000 +00:00,6,6 piece,5,{},3,2,1,4,3,0,451371,3
83,2023-11-11 10:00:00.000000 +00:00,6,2 piece,3,{},4,2,1,1,3,1,193763,3
84,2023-11-11 18:00:00.000000 +00:00,8,2 piece,4,{},4,2,2,3,1,4,486676,5
85,2023-11-11 10:00:00.000000 +00:00,7,A plate,3,{},4,2,2,1,2,4,269920,5
86,2023-11-11 15:00:00.000000 +00:00,6,A plate,3,{},3,2,1,4,3,0,176189,5
87,2023-11-11 16:00:00.000000 +00:00,10,100 grams,4,{},5,3,4,5,3,4,336146,8
88,2023-11-11 09:30:00.000000 +00:00,6,2 piece,4,{},4,2,1,1,1,0,494945,8
89,2023-11-11 17:00:00.000000 +00:00,10,1 piece,4,{},5,3,3,3,1,4,498608,8
90,2023-11-11 20:00:00.000000 +00:00,10,4 piece,4,{},5,2,2,3,1,4,155225,14
91,2023-11-11 15:00:00.000000 +00:00,6,A plate,3,{},3,2,1,4,3,3,164297,14
92,2023-11-11 10:30:00.000000 +00:00,7,A plate,5,{},5,2,2,1,1,4,47013,14
93,2023-11-08 09:30:00.000000 +00:00,20,2 sandwich,5,{},5,2,1,1,1,1,377217,23
94,2023-11-08 14:50:00.000000 +00:00,12,120gr,4,{},3,4,1,2,3,7,331762,23
95,2023-11-08 20:10:00.000000 +00:00,20,1 pizza,5,{},,2,1,3,2,1,5195,23
96,2023-11-09 09:50:00.000000 +00:00,20,2 sandwich,4,{},5,2,1,1,1,1,203040,23
97,2023-11-09 14:27:00.000000 +00:00,15,3 Bretzel,3,{},4,4,1,2,3,0,139420,23
98,2023-11-09 20:30:00.000000 +00:00,17,50gr,5,{},5,2,1,3,1,1,331526,23
99,2023-11-10 09:25:00.000000 +00:00,18,2 sandwich,4,{},5,2,1,1,1,1,377217,23
100,2023-11-10 23:36:00.000000 +00:00,15,70gr,3,{},5,4,1,4,3,5,228943,23
101,2023-11-10 21:32:00.000000 +00:00,21,80gr,5,{},5,2,1,3,1,1,72384,23
102,2023-11-11 09:38:00.000000 +00:00,20,2 sandwich,4,{},5,2,1,1,1,1,377217,23
103,2023-11-11 19:50:00.000000 +00:00,24,100gr,4,{},4,2,1,3,1,1,187493,23
104,2023-11-12 09:35:00.000000 +00:00,19,2 sandwich,4,{},5,2,1,1,1,1,377217,23
105,2023-11-12 20:41:00.000000 +00:00,23,120gr,5,{},3,2,1,3,1,1,17424,23
106,2023-11-11 09:30:00.000000 +00:00,30,2,4,{},4,1,2,1,3,4,489670,1
107,2023-11-11 13:45:00.000000 +00:00,10,1,3,{},4,2,2,2,1,4,251089,1
108,2023-11-11 19:45:00.000000 +00:00,30,1,5,{},5,1,2,3,3,4,380572,1
109,2023-11-10 19:15:00.000000 +00:00,20,1,5,{},5,1,2,3,3,4,386121,1
110,2023-11-11 20:00:00.000000 +00:00,5,1,5,{},5,1,2,3,3,4,184293,1
111,2023-11-12 12:00:00.000000 +00:00,30,1 plate,4,{},3,2,2,2,1,0,497213,18
112,2023-11-12 09:00:00.000000 +00:00,5,8 table spoons,5,{},4,2,1,1,3,1,195918,6
113,2023-11-12 13:10:00.000000 +00:00,7,8 table spoons,5,{},4,2,1,2,1,1,412687,6
114,2023-11-12 13:45:00.000000 +00:00,20,2 Wraps,5,{},5,2,3,2,1,1,495457,25
115,2023-11-12 19:00:00.000000 +00:00,10,1 wrap,5,{},5,2,3,3,1,1,495457,25
116,2023-11-12 09:30:00.000000 +00:00,10,1,4,{},4,5,3,1,4,4,252300,1
117,2023-11-12 14:30:00.000000 +00:00,30,1,4,{},4,1,3,2,3,4,47703,1
118,2023-11-12 18:30:00.000000 +00:00,15,1,3,{},5,1,1,3,3,0,300623,1
119,2023-11-12 20:34:00.000000 +00:00,8,8 table spoons,5,{},5,2,2,3,1,4,466518,6
120,2023-11-12 13:35:00.000000 +00:00,15,600,5,{},5,2,2,2,1,0,412687,9
121,2023-11-12 09:37:00.000000 +00:00,3,200,4,{},3,2,1,1,3,1,99381,9
122,2023-11-12 21:40:00.000000 +00:00,10,300,4,{},5,2,2,3,1,0,196670,9
123,2023-11-11 14:00:00.000000 +00:00,6,2 pieces,4,{},4,2,1,4,3,1,188825,11
124,2023-11-13 10:00:00.000000 +00:00,10,8 table spoons,5,{},5,2,1,1,2,5,166475,6
125,2023-11-13 16:00:00.000000 +00:00,30,1 plate,4,{},3,2,2,2,1,4,331526,18
126,2023-11-13 12:15:00.000000 +00:00,15,2 pieces,4,{},2,3,4,1,1,4,477148,18
127,2023-11-13 14:00:00.000000 +00:00,15,300g,5,{},5,2,3,2,1,1,100414,25
128,2023-11-13 18:00:00.000000 +00:00,10,250g,4,{},5,2,3,3,1,1,167896,25
129,2023-11-13 15:10:00.000000 +00:00,10,300g,4,{},5,2,1,2,1,6,187493,16
130,2023-11-13 19:30:00.000000 +00:00,15,2 sandwiches,3,{},4,2,2,3,1,1,477148,16
131,2023-11-12 19:58:00.000000 +00:00,18,4 piece,5,{},5,1,3,3,0,4,126602,3
132,2023-11-12 11:00:00.000000 +00:00,10,3 piece,4,{},5,2,1,1,1,1,251684,3
133,2023-11-12 15:00:00.000000 +00:00,10,A plate,4,{},4,2,1,2,1,3,397031,3
134,2023-11-12 20:00:00.000000 +00:00,12,3 piece,4,{},5,2,2,3,1,4,5195,5
135,2023-11-12 10:00:00.000000 +00:00,6,2 piece,3,{},4,2,1,1,1,1,219495,5
136,2023-11-12 16:00:00.000000 +00:00,5,1 piece,3,{},4,2,3,4,1,4,46113,5
137,2023-11-12 13:00:00.000000 +00:00,8,A plate,5,{},5,3,4,2,3,4,294522,8
138,2023-11-12 20:00:00.000000 +00:00,15,3 piece,5,{},5,2,2,3,1,4,5195,8
139,2023-11-12 16:00:00.000000 +00:00,7,1 cups,3,{},4,3,3,5,1,0,203069,8
140,2023-11-12 12:30:00.000000 +00:00,6,2 piece,4,{},5,3,1,1,3,5,131472,14
141,2023-11-12 19:00:00.000000 +00:00,8,A plate,3,{},4,2,2,3,3,0,477331,14
142,2023-11-12 16:00:00.000000 +00:00,5,1 piece,3,{},5,2,1,4,3,2,437370,14
143,2023-11-13 15:00:00.000000 +00:00,7,8 table spoons,5,{},4,2,1,2,1,1,412687,6
144,2023-11-13 20:00:00.000000 +00:00,5,1 piece,4,{},4,2,2,3,1,4,455261,6
145,2023-11-14 09:00:00.000000 +00:00,5,4 table spoons,5,{},5,2,1,1,3,1,166475,6
146,2023-11-14 09:51:00.000000 +00:00,15,1,4,{},2,2,1,1,1,2,36843,4
147,2023-11-13 14:00:00.000000 +00:00,15,1 Plate,3,{},5,2,2,2,1,4,472593,1
148,2023-11-14 10:02:00.000000 +00:00,15,1,3,{},2,2,1,3,1,1,351592,1
149,2023-11-14 08:10:00.000000 +00:00,15,1,3,{},4,2,2,3,1,1,139420,1
150,2023-11-14 13:00:00.000000 +00:00,15,400g,5,{},4,2,1,2,2,0,285540,16
151,2023-11-14 19:00:00.000000 +00:00,20,1 sandwich,3,{},5,2,2,3,1,1,477148,16
152,2023-11-14 20:20:00.000000 +00:00,10,1 apple,4,{},5,2,1,4,1,0,243537,16
153,2023-11-14 13:00:00.000000 +00:00,5,12 table spoons,3,{},5,2,1,2,1,1,187493,6
154,2023-11-14 17:00:00.000000 +00:00,5,2 pieces,5,{},5,2,1,3,1,1,46663,6
155,2023-11-14 14:00:00.000000 +00:00,15,300g,5,{},5,2,3,2,1,1,7598,25
156,2023-11-14 19:00:00.000000 +00:00,10,4 slices,4,{},4,2,3,3,3,1,296583,25
157,2023-11-14 19:15:00.000000 +00:00,7,1 piece,5,{},5,2,3,3,1,1,308701,25
158,2023-11-10 18:35:00.000000 +00:00,20,1 plate,5,{},5,2,2,3,1,4,94958,11
159,2023-11-09 18:35:00.000000 +00:00,15,1 plate,5,{},5,2,2,3,1,4,205530,11
160,2023-11-09 10:30:00.000000 +00:00,20,4 pieces,5,{},5,2,2,1,1,4,44021,11
161,2023-11-10 10:40:00.000000 +00:00,20,4 pieces,5,{},5,2,2,1,1,4,260556,11
162,2023-11-11 11:44:00.000000 +00:00,25,"",5,{},5,1,3,1,4,4,161406,11
163,2023-11-12 10:45:00.000000 +00:00,15,1 plate,5,{},5,2,1,1,1,1,489670,11
164,2023-11-13 10:46:00.000000 +00:00,15,2 pieces,5,{},5,2,1,1,1,1,383124,11
165,2023-11-14 10:49:00.000000 +00:00,20,1 piece,4,{},5,2,1,1,1,1,383124,11
166,2023-11-11 17:52:00.000000 +00:00,25,1 plate,5,{},5,2,2,3,1,4,331526,11
167,2023-11-12 18:53:00.000000 +00:00,25,1 plate,5,{},5,1,3,3,4,4,134587,11
168,2023-11-13 17:54:00.000000 +00:00,15,1 plate,3,{},5,2,1,3,2,1,96114,11
169,2023-11-14 18:40:00.000000 +00:00,30,1 plate,5,{},5,1,3,3,4,4,464665,11
170,2023-11-08 13:40:00.000000 +00:00,7,1 slice,4,{},5,2,1,4,1,1,80871,11
171,2023-11-09 14:02:00.000000 +00:00,20,3 pieces,5,{},5,2,1,4,1,3,359020,11
172,2023-11-10 20:15:00.000000 +00:00,15,1 plate,5,{},5,2,1,4,1,3,164297,11
173,2023-11-14 00:06:00.000000 +00:00,15,2 pieces,5,{},5,2,1,4,2,1,164834,11
174,2023-11-13 09:20:00.000000 +00:00,6,2 piece,3,{},4,2,1,1,1,3,38333,3
175,2023-11-13 20:00:00.000000 +00:00,10,A plate,4,{},5,1,3,3,0,4,501184,3
176,2023-11-14 19:30:00.000000 +00:00,10,"",4,{},2,2,1,3,3,5,366980,3
177,2023-11-14 10:00:00.000000 +00:00,5,A plate,3,{},4,2,1,1,3,1,166475,3
178,2023-11-13 12:00:00.000000 +00:00,6,A plate,3,{},5,2,2,2,1,4,352895,5
179,2023-11-13 18:00:00.000000 +00:00,12,Two plates,4,{},5,2,2,3,1,0,311082,5
180,2023-11-13 14:30:00.000000 +00:00,5,1 piece,3,{},3,5,3,4,3,4,80871,5
181,2023-11-14 18:00:00.000000 +00:00,15,2 plate,4,{},5,2,2,3,1,4,374951,5
182,2023-11-14 12:00:00.000000 +00:00,6,A plate,4,{},4,2,1,2,1,1,445478,5
183,2023-11-13 13:39:00.000000 +00:00,12,"",4,{},3,3,4,3,4,4,131687,8
184,2023-11-13 19:30:00.000000 +00:00,10,"",4,{},4,1,3,3,2,4,191210,8
185,2023-11-14 13:12:00.000000 +00:00,6,A plate,3,{},3,3,4,2,3,0,165500,8
186,2023-11-14 20:00:00.000000 +00:00,7,2 plate,4,{},4,2,2,3,1,1,329451,8
187,2023-11-13 21:00:00.000000 +00:00,10,2 piece,5,{},5,3,4,3,3,1,329394,14
188,2023-11-13 13:00:00.000000 +00:00,6,A plate,4,{},4,2,2,2,1,4,87439,14
189,2023-11-15 08:00:00.000000 +00:00,10,8 table spoons,5,{},5,2,1,1,3,3,166475,6
190,2023-11-15 08:00:00.000000 +00:00,10,1 piece,5,{},5,2,1,1,1,3,351592,6
191,2023-11-14 10:30:00.000000 +00:00,7,2 piece,3,{},4,2,1,1,3,1,238042,14
192,2023-11-14 20:00:00.000000 +00:00,8,Two plates,5,{},5,2,2,3,1,7,25559,14
193,2023-11-14 11:46:00.000000 +00:00,20,1,3,{},3,4,4,2,3,4,266342,4
194,2023-11-14 11:47:00.000000 +00:00,5,1,3,{},4,4,4,2,3,4,486653,4
195,2023-11-14 19:49:00.000000 +00:00,20,1,4,{},4,2,1,3,2,1,214944,4
196,2023-11-15 07:30:00.000000 +00:00,15,1,4,{},4,2,1,1,1,3,36843,4
197,2023-11-15 11:53:00.000000 +00:00,20,1,4,{},2,4,4,2,3,4,468930,4
198,2023-11-14 12:15:00.000000 +00:00,15,1 plate,4,{},3,3,4,2,1,4,477148,18
199,2023-11-14 16:00:00.000000 +00:00,30,1 plate,5,{},4,2,2,2,1,4,174418,18
200,2023-11-15 16:00:00.000000 +00:00,30,4 pieces,4,{},4,2,2,2,1,4,412115,18
201,2023-11-15 19:00:00.000000 +00:00,20,6 pieces,4,{},4,2,3,3,1,4,412115,18
202,2023-11-15 13:00:00.000000 +00:00,30,1 plate,5,{},5,1,6,2,3,4,4623,16
203,2023-11-15 13:00:00.000000 +00:00,30,4 rolls,5,{},5,1,6,2,3,4,289895,16
204,2023-11-15 19:15:00.000000 +00:00,10,1 plate,3,{},5,2,2,3,1,6,347821,16
205,2023-11-15 19:45:00.000000 +00:00,5,150g,3,{},5,2,1,4,1,2,486653,16
206,2023-11-15 17:00:00.000000 +00:00,7,10 table spoons,5,{},4,2,1,2,1,1,187493,6
207,2023-11-15 14:00:00.000000 +00:00,7,1 piece,5,{},5,2,3,2,1,4,308701,25
208,2023-11-15 19:30:00.000000 +00:00,7,1 piece,5,{},5,2,3,3,1,1,308701,25
209,2023-11-15 13:30:00.000000 +00:00,10,2 slices,4,{},4,2,3,2,1,4,296583,25
210,2023-11-15 19:00:00.000000 +00:00,7,150g,4,{},5,2,3,3,1,1,114795,25
211,2023-11-15 19:00:00.000000 +00:00,7,100g,5,{},4,2,3,3,3,1,193131,25
212,2023-11-16 11:45:00.000000 +00:00,8,150g,5,{},3,4,4,2,3,4,464016,25
213,2023-11-16 11:45:00.000000 +00:00,7,150g,5,{},3,4,4,2,3,4,463829,25
214,2023-11-16 19:00:00.000000 +00:00,15,2 pieces,4,{},4,2,1,3,1,1,186596,18
215,2023-11-16 09:30:00.000000 +00:00,10,1 piece,3,{},3,3,4,2,1,4,351592,18
216,2023-11-16 19:00:00.000000 +00:00,8,0.5 portion,4,{},5,2,3,3,1,1,328454,25
217,2023-11-16 19:30:00.000000 +00:00,7,1,5,{},5,2,3,3,1,1,308701,25
218,2023-11-16 12:50:00.000000 +00:00,15,200g,4,{},4,2,1,2,2,0,465882,16
219,2023-11-16 12:50:00.000000 +00:00,15,150g,4,{},3,2,1,2,2,0,200452,16
220,2023-11-16 19:30:00.000000 +00:00,10,200g,3,{},4,2,1,3,1,1,345738,16
221,2023-11-16 19:30:00.000000 +00:00,10,1 sandwiche,3,{},4,2,1,3,1,1,477148,16
222,2023-11-17 13:30:00.000000 +00:00,12,1.5 servings,5,{},5,2,3,2,1,1,298255,25
223,2023-11-17 19:10:00.000000 +00:00,7,3 slices,4,{},5,2,3,3,3,1,296583,25
224,2023-11-18 13:00:00.000000 +00:00,10,1.25 servings,5,{},4,2,3,2,1,1,17768,25
225,2023-11-18 18:00:00.000000 +00:00,10,1 serving,5,{},4,2,3,3,1,1,67797,25
226,2023-11-18 16:00:00.000000 +00:00,5,1 piece,5,{},5,2,3,4,1,6,308701,25
227,2023-11-17 14:00:00.000000 +00:00,20,300g,5,{},5,2,2,2,1,1,367975,16
228,2023-11-17 19:45:00.000000 +00:00,30,200g,5,{},3,1,6,3,3,4,373713,16
229,2023-11-17 19:45:00.000000 +00:00,30,150g,5,{},4,1,6,3,3,4,96114,16
230,2023-11-18 13:00:00.000000 +00:00,20,300g,5,{},3,2,2,2,2,0,230593,16
231,2023-11-18 19:02:00.000000 +00:00,10,200g,3,{},4,2,2,3,1,0,40284,16
232,2023-11-17 20:00:00.000000 +00:00,15,1 plate,3,{},2,2,3,3,1,4,461788,18
233,2023-11-19 13:00:00.000000 +00:00,7,300g,5,{},5,2,3,2,1,1,114795,25
234,2023-11-19 13:00:00.000000 +00:00,7,150g,5,{},5,2,3,2,3,1,193131,25
235,2023-11-19 16:30:00.000000 +00:00,5,1 piece,5,{},5,2,1,4,1,1,308701,25
236,2023-11-19 12:45:00.000000 +00:00,15,150g,5,{},5,3,4,2,1,4,450561,16
237,2023-11-20 15:45:00.000000 +00:00,15,2 plates,4,{},4,2,2,2,1,4,461788,18
238,2023-11-21 13:29:00.000000 +00:00,5,1 person,3,{},3,2,1,2,3,1,260370,19
239,2023-11-21 13:32:00.000000 +00:00,5,1 piece,3,{},3,2,1,2,3,1,491730,19
240,2023-11-19 19:00:00.000000 +00:00,10,200g,3,{},4,2,2,3,1,4,134163,16
241,2023-11-19 16:50:00.000000 +00:00,5,1 croissant,3,{},5,1,3,4,3,4,131472,16
242,2023-11-21 20:15:00.000000 +00:00,8,150g,1,{},4,2,3,3,1,4,260370,45
243,2023-11-21 17:00:00.000000 +00:00,30,1 plate,4,{},5,2,1,3,3,1,221041,18
244,2023-11-24 13:00:00.000000 +00:00,25,1 plate,4,{},4,2,2,2,1,4,412115,18
245,2023-11-24 20:15:00.000000 +00:00,20,2 pieces,4,{},3,2,1,3,1,1,351592,18
246,2023-11-24 20:00:00.000000 +00:00,45,1 plat of 4 pieces,5,{},5,1,3,3,4,4,216525,48
247,2023-11-25 10:00:00.000000 +00:00,30,1 plat,5,{},4,2,1,1,1,1,377502,48
248,2023-11-25 15:00:00.000000 +00:00,30,1 plat,5,{},5,2,1,2,1,1,446472,48
249,2023-11-25 09:30:00.000000 +00:00,30,1 plat,5,{},5,2,1,3,1,1,446472,48
250,2023-11-26 15:00:00.000000 +00:00,20,2 pieces,4,{},4,2,1,2,1,1,304796,48
251,2023-11-26 21:15:00.000000 +00:00,30,1 plat,4,{},4,2,1,3,1,1,446472,48
252,2023-11-26 15:00:00.000000 +00:00,30,2 pieces,4,{},4,2,2,3,1,4,241570,18
253,2023-11-27 09:30:00.000000 +00:00,15,2 pieces,4,{},4,3,4,2,1,4,241570,18
254,2023-11-13 11:00:00.000000 +00:00,50,250gr,5,{},5,2,3,1,4,4,228159,23
255,2023-11-13 17:00:00.000000 +00:00,15,1 plate,3,{},4,4,1,4,3,0,120281,23
256,2023-11-13 21:00:00.000000 +00:00,20,100gr,5,{},2,2,1,3,1,1,187493,23
257,2023-11-14 09:00:00.000000 +00:00,20,2 sandwich,4,{},4,2,1,1,1,1,203040,23
258,2023-11-14 15:00:00.000000 +00:00,15,3 waffles,3,{},5,4,1,4,3,0,437684,23
259,2023-11-14 20:05:00.000000 +00:00,20,80gr,5,{},4,2,1,3,1,1,331526,23
260,2023-11-15 09:30:00.000000 +00:00,15,2 sandwich,4,{},5,2,1,1,1,1,203040,23
261,2023-11-15 14:00:00.000000 +00:00,10,2 piece,3,{},5,4,1,4,3,0,131472,23
262,2023-11-15 20:10:00.000000 +00:00,15,1 cup,3,{},2,2,1,3,1,1,445478,23
263,2023-11-16 09:10:00.000000 +00:00,20,2 sandwich,4,{},5,2,1,1,1,1,203040,23
264,2023-11-16 14:10:00.000000 +00:00,10,2 piece,4,{},4,4,1,2,3,0,88556,23
265,2023-11-16 19:35:00.000000 +00:00,20,80gr,5,{},4,2,1,3,1,1,198237,23
266,2023-11-17 09:20:00.000000 +00:00,15,60gr,4,{},3,2,1,1,1,1,36843,23
267,2023-11-28 17:17:00.000000 +00:00,0,3 donuts,,{},,,,,,,99381,23
268,2023-11-17 15:00:00.000000 +00:00,15,3 donuts,2,{},5,4,3,4,3,4,99381,23
269,2023-11-17 20:20:00.000000 +00:00,25,140gr,5,{},2,2,1,3,1,1,96114,23
270,2023-11-18 10:30:00.000000 +00:00,15,2 sandwich,4,{},5,2,1,1,1,1,203040,23
271,2023-11-18 15:30:00.000000 +00:00,5,15gr,1,{},4,2,1,4,3,0,34821,23
272,2023-11-18 20:40:00.000000 +00:00,20,2 hamburgers,5,{},5,2,1,3,1,1,269592,23
273,2023-11-19 09:20:00.000000 +00:00,15,2 sandwich,4,{},5,2,1,1,1,1,203040,23
274,2023-11-19 14:30:00.000000 +00:00,15,130gr,3,{},4,2,1,2,1,1,402543,23
275,2023-11-19 19:30:00.000000 +00:00,20,150gr,5,{},5,2,1,3,1,1,205530,23
276,2023-11-28 20:00:00.000000 +00:00,,500,5,{},5,2,3,3,1,1,50606,24
277,2023-11-29 19:20:00.000000 +00:00,23,1 plate,4,{},2,2,1,3,1,1,331526,31
278,2023-11-27 13:16:00.000000 +00:00,10,1 plat,4,{},3,2,1,2,2,1,331526,59
279,2023-11-27 14:00:00.000000 +00:00,5,5 pieces,5,{},5,3,4,4,3,4,188825,59
280,2023-11-28 20:22:00.000000 +00:00,15,1 plats,5,{},5,2,2,3,1,1,296402,59
281,2023-11-24 13:24:00.000000 +00:00,20,1 plat,5,{},5,2,2,2,1,4,294672,59
282,2023-11-29 18:26:00.000000 +00:00,14,400 gram,3,{},4,2,1,4,3,6,402543,59
283,2023-11-30 06:12:00.000000 +00:00,10,100,4,{},5,2,2,1,3,2,299090,59
284,2023-11-30 12:52:00.000000 +00:00,15,1 plat,5,{},3,2,1,2,1,1,187493,59
285,2023-11-30 11:54:00.000000 +00:00,10,1 plate,5,{},5,2,1,2,1,1,196624,21
286,2023-11-30 14:40:00.000000 +00:00,15,50015 min,5,{},5,2,1,2,1,0,378770,24
287,2023-11-30 08:15:00.000000 +00:00,5,150 grams,2,{},5,2,1,1,1,1,46113,47
288,2023-11-30 17:23:00.000000 +00:00,20,1 plate,5,{},5,2,3,2,1,4,182811,47
289,2023-11-30 18:03:00.000000 +00:00,5,1  cup,5,{},4,2,3,5,2,4,177179,47
290,2023-11-30 21:50:00.000000 +00:00,0,1 cup,,{},,,,1,,,217413,49
291,2023-11-30 09:00:00.000000 +00:00,2,1 cup,3,{},5,2,1,1,3,5,217413,49
292,2023-11-30 12:05:00.000000 +00:00,5,250 grams,5,{},4,2,1,2,3,5,66273,49
293,2023-11-30 16:00:00.000000 +00:00,15,400 grams,4,{},5,2,1,4,1,5,296781,49
294,2023-11-30 21:09:00.000000 +00:00,25,250,5,{},3,1,1,3,3,0,192978,49
295,2023-11-30 23:30:00.000000 +00:00,10,1 wrap,3,{},4,2,3,3,1,4,352641,47
296,2023-11-30 17:19:00.000000 +00:00,15,1 plate,4,{},5,2,3,2,1,4,182811,61
297,2023-11-30 18:20:00.000000 +00:00,2,0.5 cup,5,{},5,2,3,4,3,4,177179,61
298,2023-11-30 23:28:00.000000 +00:00,10,1 wrap,5,{},5,2,3,3,1,4,352641,61
299,2023-11-30 18:03:00.000000 +00:00,6,1 wrap,4,{},4,1,3,2,3,4,263886,50
300,2023-11-30 23:09:00.000000 +00:00,10,1 plate,4,{},4,2,1,3,1,1,309185,50
301,2023-12-01 05:08:00.000000 +00:00,0,"",,{},,,,,,,94945,31
302,2023-11-15 12:30:00.000000 +00:00,7,A plate,4,{},3,4,1,2,2,0,7065,3
303,2023-11-15 19:00:00.000000 +00:00,8,Two plates,4,{},5,2,1,3,1,1,269920,3
304,2023-11-16 14:30:00.000000 +00:00,4,1 piece,3,{},5,1,3,4,3,4,307950,3
305,2023-11-16 10:00:00.000000 +00:00,5,A plate,3,{},4,2,1,1,3,3,80175,3
306,2023-11-16 18:50:00.000000 +00:00,10,3 piece,5,{},4,2,1,3,1,1,26795,3
307,2023-11-17 17:00:00.000000 +00:00,10,Two plates,5,{},5,2,1,3,1,2,183063,3
308,2023-11-17 12:00:00.000000 +00:00,4,1 piece,3,{},3,2,1,1,1,5,477148,3
309,2023-11-17 15:06:00.000000 +00:00,3,1 piece,3,{},5,4,3,4,3,4,182537,3
310,2023-11-18 19:40:00.000000 +00:00,6,Two plates,4,{},5,2,1,3,3,1,26773,3
311,2023-11-18 10:00:00.000000 +00:00,10,3 piece,5,{},5,2,1,1,1,1,396054,3
312,2023-11-19 12:00:00.000000 +00:00,5,2 piece,5,{},5,2,1,1,1,1,214485,3
313,2023-11-19 15:00:00.000000 +00:00,15,1 piece,4,{},4,1,3,3,3,4,269592,3
314,2023-11-19 20:00:00.000000 +00:00,6,1 piece,3,{},5,5,6,4,3,4,215573,3
315,2023-11-20 12:00:00.000000 +00:00,5,5 piece,5,{},5,2,1,3,3,1,219334,3
316,2023-11-20 17:30:00.000000 +00:00,7,2 plate,4,{},5,2,1,3,1,3,387604,3
317,2023-11-20 14:30:00.000000 +00:00,5,A plate,4,{},2,2,1,5,1,5,253650,3
318,2023-11-21 15:30:00.000000 +00:00,15,A plate,3,{},5,2,1,4,3,1,471905,3
319,2023-11-21 10:00:00.000000 +00:00,5,2 piece,4,{},3,2,1,1,3,3,170347,3
320,2023-11-21 16:00:00.000000 +00:00,7,2 piece,4,{},4,2,1,3,1,5,451171,3
321,2023-11-21 20:30:00.000000 +00:00,10,2 piece,5,{},5,2,1,4,3,1,379528,3
322,2023-12-01 12:58:00.000000 +00:00,20,500 g,5,{},4,2,2,2,1,4,135391,59
323,2023-12-01 19:38:00.000000 +00:00,20,250 grams,5,{},4,2,1,4,1,1,241570,21
324,2023-12-01 19:48:00.000000 +00:00,15,1 plat,4,{},4,2,2,3,1,4,169193,59
325,2023-12-01 16:33:00.000000 +00:00,10,2 pieces,3,{},5,2,1,4,3,6,80871,59
326,2023-12-01 19:53:00.000000 +00:00,5,1 piece,5,{},5,2,1,3,3,6,168002,59
327,2023-10-27 20:51:00.000000 +00:00,5,1 plat,3,{},3,2,2,3,1,1,195399,59
328,2023-12-01 20:31:00.000000 +00:00,15,1 medium size pizza,2,{},4,2,2,3,1,4,304052,22
329,2023-12-01 21:30:00.000000 +00:00,10,300,5,{},5,2,3,5,1,4,337766,24
330,2023-12-02 12:45:00.000000 +00:00,25,"",5,{},4,2,1,2,2,2,5115,31
331,2023-11-30 12:50:00.000000 +00:00,33,1 plate,4,{},4,2,1,2,1,0,459634,31
332,2023-12-02 07:40:00.000000 +00:00,5,1,5,{},5,1,1,1,3,0,204081,59
333,2023-12-02 11:42:00.000000 +00:00,20,1,5,{},4,2,2,2,1,4,409838,59
334,2023-12-02 11:49:00.000000 +00:00,10,300,5,{},5,2,3,4,1,0,169225,24
335,2023-11-26 14:30:00.000000 +00:00,3,1 piece,3,{},3,2,3,4,3,4,500739,5
336,2023-11-26 17:00:00.000000 +00:00,16,3 piece,4,{},4,1,3,3,3,4,200452,5
337,2023-11-26 09:00:00.000000 +00:00,10,2 piece,4,{},4,2,2,1,1,0,80325,5
338,2023-11-27 22:00:00.000000 +00:00,10,A plate,3,{},4,2,2,4,3,4,460086,5
339,2023-11-27 19:30:00.000000 +00:00,6,"",4,{},4,2,1,3,1,1,426037,5
340,2023-11-28 18:00:00.000000 +00:00,15,2 plate,4,{},3,2,2,3,1,4,43741,5
341,2023-11-28 09:30:00.000000 +00:00,9,2 piece,4,{},4,2,1,1,1,1,191110,5
342,2023-11-29 10:00:00.000000 +00:00,7,2 piece,4,{},3,2,2,1,3,0,111541,5
343,2023-11-29 17:00:00.000000 +00:00,15,Two plates,4,{},3,2,2,3,1,4,183040,5
344,2023-11-29 16:00:00.000000 +00:00,3,1 piece,3,{},3,2,1,4,3,7,445841,5
345,2023-12-01 11:00:00.000000 +00:00,5,1 croissant,3,{},4,1,1,1,3,0,131472,50
346,2023-12-02 18:23:00.000000 +00:00,10,4 pices,3,{},4,2,2,3,1,1,304052,59
347,2023-11-30 09:25:00.000000 +00:00,6,1 piece,3,{},4,2,1,1,3,1,85323,5
348,2023-11-30 14:00:00.000000 +00:00,5,1 piece,4,{},3,2,1,4,1,0,428655,5
349,2023-11-30 18:00:00.000000 +00:00,15,2 plate,4,{},3,2,2,3,1,4,69745,5
350,2023-12-01 10:00:00.000000 +00:00,10,2 piece,4,{},4,2,1,1,3,1,159435,5
351,2023-12-01 18:00:00.000000 +00:00,5,100 grams,5,{},3,2,1,4,3,0,299090,50
352,2023-12-01 18:00:00.000000 +00:00,6,A plate,4,{},3,2,2,3,1,7,347800,5
353,2023-12-01 16:00:00.000000 +00:00,5,A plate,3,{},2,2,1,4,3,1,462231,5
354,2023-12-02 09:30:00.000000 +00:00,10,2 piece,4,{},3,2,2,1,1,0,193131,5
355,2023-12-01 23:20:00.000000 +00:00,15,180 grams,5,{},5,2,1,3,1,1,378770,50
356,2023-12-02 14:00:00.000000 +00:00,6,A plate,3,{},4,5,3,3,1,4,311362,5
357,2023-12-02 18:00:00.000000 +00:00,10,1 piece,4,{},5,2,2,3,1,4,384980,5
358,2023-12-02 19:00:00.000000 +00:00,15,1 small size plate,3,{},5,2,2,2,1,0,440093,22
359,2023-12-01 08:00:00.000000 +00:00,10,1 bowl,4,{},3,2,1,1,1,0,160180,60
360,2023-12-02 19:41:00.000000 +00:00,10,250 grams,5,{},4,2,1,1,1,1,186596,21
361,2023-12-01 13:00:00.000000 +00:00,20,1 plate,4,{},3,2,1,3,1,0,309185,60
362,2023-12-01 23:55:00.000000 +00:00,25,1 plate,4,{},4,2,1,3,1,0,173011,60
363,2023-11-30 08:02:00.000000 +00:00,20,1 bowl,4,{},3,2,1,1,1,0,248927,60
364,2023-11-30 13:04:00.000000 +00:00,30,1 plate,4,{},4,2,1,2,1,0,136990,60
365,2023-11-30 19:30:00.000000 +00:00,20,1 plate,3,{},4,2,1,3,1,0,501294,60
366,2023-12-01 12:14:00.000000 +00:00,5,1 piece,2,{},5,2,1,1,3,0,299090,47
367,2023-12-01 15:30:00.000000 +00:00,30,1 plate,3,{},4,2,3,2,2,4,87661,47
368,2023-12-01 21:30:00.000000 +00:00,30,2 wrap,5,{},3,2,3,3,1,4,286026,47
369,2023-12-01 22:30:00.000000 +00:00,15,1 cup,3,{},2,2,2,4,2,6,185633,47
370,2023-12-02 11:30:00.000000 +00:00,5,1 plate,3,{},3,2,3,1,1,4,489670,47
371,2023-12-02 18:30:00.000000 +00:00,25,1 bowl,5,{},4,2,3,2,1,4,149802,47
372,2023-12-02 20:00:00.000000 +00:00,5,1 piece,5,{},5,2,3,4,2,4,337766,47
373,2023-12-01 08:04:00.000000 +00:00,5,1 piece,2,{},3,2,1,1,3,5,238042,49
374,2023-12-01 11:45:00.000000 +00:00,20,1 plate,4,{},4,1,1,2,3,0,182811,49
375,2023-12-01 20:00:00.000000 +00:00,25,1 plate,4,{},3,2,1,3,1,4,132327,49
376,2023-12-01 10:00:00.000000 +00:00,15,1 piece,4,{},4,2,3,1,1,4,351592,61
377,2023-12-01 15:30:00.000000 +00:00,25,1 plate,3,{},4,2,3,2,2,4,87661,61
378,2023-12-01 21:32:00.000000 +00:00,30,2 wrap,4,{},4,2,3,3,1,4,286026,61
379,2023-12-01 22:34:00.000000 +00:00,15,1 cup,3,{},3,2,3,4,2,6,185633,61
380,2023-12-03 05:47:00.000000 +00:00,0,"",,{},,,,,,,128259,31
381,2023-12-03 07:43:00.000000 +00:00,5,2 pices,3,{},5,2,1,1,3,1,215573,59
382,2023-12-03 12:23:00.000000 +00:00,15,one plate,5,{},4,2,1,1,1,2,186596,44
383,2023-11-16 12:30:00.000000 +00:00,15,one plate,4,{},5,2,2,2,1,4,159817,44
384,2023-11-26 09:30:00.000000 +00:00,10,A plate,4,{},4,2,2,1,1,0,294112,14
385,2023-11-26 15:00:00.000000 +00:00,3,A plate,3,{},3,3,1,4,3,7,89747,14
386,2023-11-26 18:00:00.000000 +00:00,10,A plate,4,{},5,3,1,3,1,5,163101,14
387,2023-11-27 19:00:00.000000 +00:00,15,2 piece,4,{},5,2,2,3,1,4,201783,14
388,2023-11-27 08:30:00.000000 +00:00,15,3 piece,4,{},4,2,1,1,2,0,350198,14
389,2023-11-27 14:00:00.000000 +00:00,3,1 piece,3,{},3,3,3,4,3,4,174652,14
390,2023-11-28 19:30:00.000000 +00:00,15,A plate,4,{},5,2,2,3,2,4,159434,14
391,2023-11-28 08:30:00.000000 +00:00,6,A plate,4,{},4,2,1,1,1,0,489670,14
392,2023-11-29 19:00:00.000000 +00:00,20,Two plates,4,{},5,2,2,3,1,0,359121,14
393,2023-11-29 09:30:00.000000 +00:00,10,A plate,4,{},5,3,1,1,1,0,466188,14
394,2023-11-30 20:00:00.000000 +00:00,15,2 piece,4,{},4,2,2,3,1,1,422760,14
395,2023-11-30 08:30:00.000000 +00:00,6,2 piece,4,{},3,2,1,1,1,0,206452,14
396,2023-12-01 14:00:00.000000 +00:00,10,2 piece,4,{},4,2,1,1,3,1,295457,14
397,2023-12-01 19:00:00.000000 +00:00,10,A plate,4,{},5,2,2,3,1,0,200871,14
398,2023-12-02 15:30:00.000000 +00:00,5,1 piece,3,{},4,3,4,4,3,4,302722,14
399,2023-12-02 08:00:00.000000 +00:00,15,3 piece,4,{},4,2,2,1,1,0,186580,14
400,2023-12-02 19:40:00.000000 +00:00,15,Two plates,4,{},5,1,6,3,2,4,367629,14
401,2023-12-03 19:06:00.000000 +00:00,15,1 plat,5,{},5,2,2,3,1,1,296402,59
402,2023-12-03 18:52:00.000000 +00:00,20,1 small size plate,5,{},5,2,1,3,1,5,331526,22
403,2023-12-03 19:09:00.000000 +00:00,15,250 grams,3,{},4,2,1,4,1,1,337766,21
404,2023-11-15 18:30:00.000000 +00:00,25,1 plate,5,{},5,2,2,3,1,4,94958,11
405,2023-11-15 16:00:00.000000 +00:00,10,2 pieces,3,{},3,4,3,4,3,4,356626,11
406,2023-11-16 18:00:00.000000 +00:00,20,1 plate,5,{},5,2,1,3,1,1,159361,11
407,2023-10-17 18:10:00.000000 +00:00,15,1 plate,5,{},5,2,2,3,1,4,198237,11
408,2023-10-17 18:05:00.000000 +00:00,20,1 plate,5,{},5,2,2,3,1,4,378770,11
409,2023-11-15 10:05:00.000000 +00:00,20,3 slices,5,{},5,2,2,1,1,4,128594,11
410,2023-10-16 11:00:00.000000 +00:00,15,200 grams,5,{},5,2,1,1,1,1,166475,11
411,2023-10-17 09:30:00.000000 +00:00,15,1 cup,5,{},5,2,1,1,1,1,160180,11
412,2023-11-16 10:10:00.000000 +00:00,15,3 slices,5,{},5,2,1,1,1,1,181708,11
413,2023-12-03 10:12:00.000000 +00:00,15,1 piece,3,{},3,2,3,1,1,4,104993,47
414,2023-11-17 14:13:00.000000 +00:00,15,1 plate,5,{},5,5,3,4,4,4,260370,11
415,2023-11-17 19:15:00.000000 +00:00,10,1 plate,4,{},4,2,1,3,1,1,200867,11
416,2023-10-17 10:00:00.000000 +00:00,20,1 plate,5,{},5,2,2,1,1,4,180223,11
417,2023-12-03 13:13:00.000000 +00:00,20,1 plate,3,{},5,2,3,2,1,4,279636,47
418,2023-11-24 19:00:00.000000 +00:00,20,Two plates,4,{},4,1,3,3,0,4,137954,8
419,2023-12-03 21:00:00.000000 +00:00,20,1 plate,5,{},4,2,3,3,1,4,164560,47
420,2023-11-24 08:00:00.000000 +00:00,7,A plate,4,{},3,2,1,1,1,0,405236,8
421,2023-11-24 13:30:00.000000 +00:00,6,A plate,3,{},4,3,4,3,3,4,155914,8
422,2023-11-25 09:00:00.000000 +00:00,7,3 piece,4,{},5,2,1,1,3,0,216659,8
423,2023-11-25 19:20:00.000000 +00:00,20,4 piece,5,{},5,2,3,3,1,4,83545,8
424,2023-11-26 08:00:00.000000 +00:00,10,2 piece,4,{},3,2,1,1,1,0,383124,8
425,2023-11-25 16:00:00.000000 +00:00,20,A plate,3,{},2,1,3,3,2,4,467128,8
426,2023-11-26 19:00:00.000000 +00:00,10,3 piece,4,{},5,2,1,3,1,1,262240,8
427,2023-11-26 12:00:00.000000 +00:00,5,1 piece,3,{},4,3,4,4,3,0,477839,8
428,2023-11-27 15:00:00.000000 +00:00,6,1 piece,3,{},4,3,4,4,1,4,20524,8
429,2023-11-27 20:00:00.000000 +00:00,10,A plate,4,{},4,2,1,3,1,1,368111,8
430,2023-11-27 08:10:00.000000 +00:00,6,2 piece,4,{},2,2,1,1,3,0,361561,8
431,2023-11-28 20:00:00.000000 +00:00,15,Two plates,4,{},5,2,2,3,1,4,40214,8
432,2023-12-02 10:30:00.000000 +00:00,5,1 piece,3,{},4,2,3,1,3,4,77756,61
433,2023-11-28 08:20:00.000000 +00:00,5,1 piece,3,{},3,2,1,1,1,0,347859,8
434,2023-11-28 14:00:00.000000 +00:00,6,2 piece,3,{},4,3,4,4,3,5,381112,8
435,2023-11-29 15:00:00.000000 +00:00,6,1 piece,3,{},5,3,4,4,1,4,459281,8
436,2023-11-29 08:10:00.000000 +00:00,15,2 piece,4,{},3,2,1,1,1,0,234398,8
437,2023-11-29 19:00:00.000000 +00:00,20,Two plates,5,{},4,2,2,3,1,0,284867,8
438,2023-12-02 16:06:00.000000 +00:00,15,1 plate,3,{},2,2,3,3,1,4,250430,61
439,2023-11-30 08:10:00.000000 +00:00,8,2 piece,4,{},4,2,1,1,2,0,200646,8
440,2023-11-30 14:00:00.000000 +00:00,15,2 piece,4,{},5,3,3,4,1,4,318990,8
441,2023-12-02 17:30:00.000000 +00:00,25,1 bowl,5,{},3,2,3,3,1,4,45947,61
442,2023-11-30 18:30:00.000000 +00:00,15,A plate,4,{},3,1,6,3,1,4,187000,8
443,2023-12-03 10:10:00.000000 +00:00,20,1 piece,4,{},4,2,2,1,1,4,104993,61
444,2023-12-03 13:12:00.000000 +00:00,25,1 plate,4,{},4,2,3,2,1,4,354010,61
445,2023-12-03 21:15:00.000000 +00:00,15,1 plate,5,{},4,2,3,3,1,4,154066,61
446,2023-12-02 10:31:00.000000 +00:00,5,1 piece,3,{},3,2,1,1,3,0,64606,49
447,2023-12-02 17:09:00.000000 +00:00,30,1 plate,3,{},4,1,3,2,3,4,391236,49
448,2023-12-03 08:38:00.000000 +00:00,15,1 piece,5,{},4,2,1,1,1,0,44021,49
449,2023-12-03 11:03:00.000000 +00:00,20,1 plate,4,{},4,1,3,2,3,4,419679,49
450,2023-12-03 20:42:00.000000 +00:00,10,1 piece,5,{},3,2,1,3,3,0,296781,49
451,2023-12-02 10:00:00.000000 +00:00,3,80 grams,2,{},4,5,3,1,3,4,166280,50
452,2023-12-02 16:00:00.000000 +00:00,20,1 plate,5,{},4,1,3,2,3,4,365869,50
453,2023-12-02 22:10:00.000000 +00:00,30,1 bowl,5,{},5,2,3,3,1,4,149802,50
454,2023-12-03 11:05:00.000000 +00:00,10,1 cup,4,{},4,1,3,1,3,4,164297,50
455,2023-11-27 15:00:00.000000 +00:00,40,1 plat,4,{},5,2,1,2,1,1,331526,48
456,2023-12-03 13:05:00.000000 +00:00,20,1 wrap,5,{},4,1,3,2,3,4,263886,50
457,2023-11-27 22:30:00.000000 +00:00,30,2 pieces,4,{},4,2,1,3,1,1,304796,48
458,2023-12-03 20:00:00.000000 +00:00,20,200 grams,5,{},4,2,1,3,1,4,324951,50
459,2023-11-28 13:30:00.000000 +00:00,30,1 plat,5,{},3,2,1,2,1,1,342301,48
460,2023-11-29 14:00:00.000000 +00:00,30,1 plat,5,{},5,2,3,2,1,4,309185,48
461,2023-11-30 16:15:00.000000 +00:00,40,2 plat,5,{},5,2,1,2,1,1,72384,48
462,2023-12-02 07:08:00.000000 +00:00,20,1 bowl,4,{},3,2,1,1,1,0,316298,60
463,2023-12-02 12:09:00.000000 +00:00,5,1 plate,4,{},4,2,1,2,1,0,164558,60
464,2023-12-02 17:11:00.000000 +00:00,10,1 plate,4,{},4,2,1,3,1,0,164560,60
465,2023-11-29 14:00:00.000000 +00:00,30,1 plat,5,{},5,5,3,2,1,4,331526,63
466,2023-11-29 22:30:00.000000 +00:00,20,1 plat,3,{},5,2,1,3,1,1,129277,63
467,2023-11-30 12:00:00.000000 +00:00,15,1 piece,3,{},4,2,1,2,1,1,271259,63
468,2023-11-30 20:30:00.000000 +00:00,30,2 pieces,5,{},4,2,1,3,1,1,271259,63
469,2023-12-01 12:30:00.000000 +00:00,20,1 plat,4,{},4,2,1,2,1,1,189134,63
470,2023-12-01 21:00:00.000000 +00:00,30,1 plat,5,{},5,2,1,3,3,1,191288,63
471,2023-12-02 12:15:00.000000 +00:00,30,1 plat,3,{},3,2,1,2,1,1,182811,63
472,2023-12-02 21:00:00.000000 +00:00,30,1 plat,5,{},5,2,1,3,2,1,45947,63
473,2023-12-03 12:00:00.000000 +00:00,30,2 pieces,5,{},3,2,1,2,1,1,271259,63
474,2023-12-04 06:17:00.000000 +00:00,0,"",,{},,,,,,,364989,31
475,2023-12-04 15:35:00.000000 +00:00,10,500,5,{},5,2,3,5,1,4,241570,24
476,2023-12-02 14:30:00.000000 +00:00,10,700 g,5,{},5,2,1,2,1,0,324319,15
477,2023-11-29 12:45:00.000000 +00:00,15,650 g,4,{},4,2,1,2,1,3,331526,15
478,2023-12-04 18:55:00.000000 +00:00,5,150 g,3,{},4,5,6,2,3,4,429306,15
479,2023-11-29 12:40:00.000000 +00:00,5,200 g,2,{},4,2,1,2,1,3,405236,15
480,2023-12-03 15:50:00.000000 +00:00,5,350 g,4,{},4,2,1,5,1,0,405236,15
481,2023-12-03 19:00:00.000000 +00:00,15,200 g,5,{},4,2,2,3,1,4,429306,15
482,2023-12-03 14:30:00.000000 +00:00,5,100 g,3,{},5,5,6,4,3,4,429306,15
483,2023-11-29 17:00:00.000000 +00:00,15,250 g,4,{},4,2,2,3,1,4,477148,15
484,2023-12-02 20:45:00.000000 +00:00,10,250 g,4,{},4,2,2,3,1,7,477148,15
485,2023-12-04 18:00:00.000000 +00:00,5,300 g,4,{},5,2,1,3,1,3,164297,15
486,2023-12-04 17:15:00.000000 +00:00,15,800 g,4,{},4,2,2,3,1,4,249741,15
487,2023-12-04 11:30:00.000000 +00:00,10,200 g,4,{},4,2,1,2,1,0,436267,15
488,2023-11-30 06:00:00.000000 +00:00,5,150 g,3,{},3,3,4,1,4,5,85323,15
489,2023-12-01 06:30:00.000000 +00:00,5,150 g,1,{},3,3,4,1,4,5,85323,15
490,2023-12-03 07:45:00.000000 +00:00,5,150 g,4,{},4,3,4,1,4,5,85323,15
491,2023-11-28 07:00:00.000000 +00:00,5,150 g,3,{},3,3,4,1,4,5,85323,15
492,2023-11-28 16:30:00.000000 +00:00,2,300 g,2,{},5,2,2,3,1,0,234274,15
493,2023-12-04 16:45:00.000000 +00:00,15,750 g,5,{},5,2,2,3,1,4,7065,15
494,2023-12-03 07:30:00.000000 +00:00,5,70 g,2,{},2,3,4,1,4,5,477205,15
495,2023-11-29 08:50:00.000000 +00:00,5,50 g,2,{},5,2,1,4,3,5,54893,15
496,2023-11-30 09:30:00.000000 +00:00,2,30 g,3,{},4,3,4,4,4,5,54340,15
497,2023-11-30 17:00:00.000000 +00:00,15,800 g,5,{},4,2,1,3,1,0,167896,15
498,2023-12-01 16:30:00.000000 +00:00,10,500 g,4,{},4,5,2,3,2,4,331445,15
499,2023-12-01 18:00:00.000000 +00:00,2,30 g,2,{},5,5,2,4,1,0,169225,15
500,2023-12-01 08:45:00.000000 +00:00,5,100 g,4,{},4,5,1,4,1,0,351592,15
501,2023-12-01 15:45:00.000000 +00:00,5,250 g,3,{},4,5,2,5,1,0,347821,15
502,2023-12-02 10:15:00.000000 +00:00,5,250 g,4,{},5,2,1,1,1,7,347821,15
503,2023-12-04 20:56:00.000000 +00:00,10,1 small plate,5,{},5,2,1,3,1,0,477331,22
504,2023-11-28 11:30:00.000000 +00:00,40,3 pieces,5,{},5,2,1,2,1,1,304796,67
505,2023-11-28 19:00:00.000000 +00:00,20,1 plat,3,{},4,2,1,3,1,1,169193,67
506,2023-11-29 21:00:00.000000 +00:00,30,1 plat,5,{},5,2,1,3,1,1,342301,67
507,2023-11-30 12:30:00.000000 +00:00,30,1 plat,5,{},5,5,3,2,4,4,45947,67
508,2023-11-30 20:00:00.000000 +00:00,20,1 plat,4,{},3,2,1,3,2,1,169193,67
509,2023-12-01 19:30:00.000000 +00:00,40,2 plats,5,{},5,2,1,3,1,1,331526,67
510,2023-12-02 12:00:00.000000 +00:00,30,1 plat,4,{},4,2,1,2,1,1,309185,67
511,2023-12-01 20:30:00.000000 +00:00,40,1 plat,5,{},2,2,1,3,1,1,394907,67
512,2023-12-03 19:00:00.000000 +00:00,40,2 pieces,5,{},3,2,1,3,1,1,304796,67
513,2023-12-04 13:00:00.000000 +00:00,40,1 plat,5,{},5,1,3,2,4,4,216525,67
514,2023-12-04 21:00:00.000000 +00:00,30,1 piece,5,{},3,2,1,3,1,1,304796,67
515,2023-12-04 16:00:00.000000 +00:00,20,1 plat,3,{},3,2,1,2,1,1,189134,63
516,2023-12-04 22:00:00.000000 +00:00,20,1 plat,3,{},2,2,1,3,1,1,468930,63
517,2023-12-05 13:29:00.000000 +00:00,15,300,5,{},5,2,1,2,1,1,331526,24
518,2023-12-05 13:00:00.000000 +00:00,15,100 grams,4,{},4,2,1,2,1,1,74425,40
519,2023-12-05 13:00:00.000000 +00:00,15,50 grams,4,{},3,2,1,2,1,1,501219,40
520,2023-11-27 09:00:00.000000 +00:00,15,"",4,{},4,2,1,1,1,1,90138,13
521,2023-11-27 17:00:00.000000 +00:00,30,"",5,{},5,2,1,3,1,1,378770,13
522,2023-11-28 10:00:00.000000 +00:00,15,"",4,{},4,2,1,1,1,1,181708,13
523,2023-11-28 17:00:00.000000 +00:00,30,"",5,{},5,2,1,3,1,1,378770,13
524,2023-11-29 09:00:00.000000 +00:00,15,"",4,{},3,2,1,1,1,1,489670,13
525,2023-12-05 14:56:00.000000 +00:00,10,1 piece,3,{},2,2,2,4,1,1,302870,59
526,2023-11-29 13:00:00.000000 +00:00,30,"",5,{},5,4,4,2,3,4,271259,13
527,2023-11-29 19:00:00.000000 +00:00,30,"",5,{},2,2,1,3,1,1,192081,13
528,2023-11-30 10:00:00.000000 +00:00,15,"",3,{},5,2,1,1,1,1,351592,13
529,2023-12-05 11:02:00.000000 +00:00,15,1 plat,5,{},4,2,2,2,1,1,99887,59
530,2023-11-30 13:30:00.000000 +00:00,30,"",5,{},4,4,3,2,3,4,271259,13
531,2023-11-30 19:00:00.000000 +00:00,30,"",4,{},4,2,1,3,1,1,192081,13
532,2023-12-01 10:00:00.000000 +00:00,15,"",5,{},5,2,1,1,1,1,181708,13
533,2023-12-01 16:00:00.000000 +00:00,30,"",5,{},5,2,1,2,1,1,331526,13
534,2023-12-02 10:00:00.000000 +00:00,15,"",5,{},5,2,1,1,1,1,44021,13
535,2023-12-02 17:00:00.000000 +00:00,30,"",5,{},5,2,1,2,1,1,331526,13
536,2023-12-03 10:00:00.000000 +00:00,15,"",5,{},5,2,1,1,1,2,489670,13
537,2023-12-03 18:00:00.000000 +00:00,30,"",5,{},5,2,1,2,1,1,192978,13
538,2023-12-05 18:52:00.000000 +00:00,10,1 plate,4,{},4,2,1,3,1,1,96114,21
539,2023-12-05 21:19:00.000000 +00:00,0,"",,{},,,,,,,378770,74
540,2023-11-10 21:19:00.000000 +00:00,0,"",,{},,,,,,,188825,74
541,2023-12-05 21:21:00.000000 +00:00,0,"",5,{},5,,,,,,34821,74
542,2023-11-11 21:22:00.000000 +00:00,0,"",3,{},5,,,,,,331526,74
543,2023-11-13 21:23:00.000000 +00:00,0,"",2,{},2,,,,,,489692,74
544,2023-11-13 21:23:00.000000 +00:00,0,"",5,{},5,,,2,,,257493,74
545,2023-11-14 21:24:00.000000 +00:00,0,"",4,{},4,,,4,,,181708,74
546,2023-11-15 21:24:00.000000 +00:00,0,"",2,{},3,,,5,,,194619,74
547,2023-11-16 21:27:00.000000 +00:00,0,"",5,{},5,1,3,3,,,455524,74
548,2023-11-13 07:50:00.000000 +00:00,5,200,3,{},3,2,1,1,3,0,302342,9
549,2023-11-13 13:20:00.000000 +00:00,10,300,4,{},4,3,4,2,1,4,120533,9
550,2023-11-13 20:00:00.000000 +00:00,10,200,4,{},4,2,1,3,1,1,367975,9
551,2023-11-13 08:00:00.000000 +00:00,5,100,2,{},1,2,1,1,3,0,353233,9
552,2023-11-14 22:02:00.000000 +00:00,10,300,5,{},5,2,1,3,1,1,331526,9
553,2023-11-14 08:05:00.000000 +00:00,5,100,3,{},3,2,1,1,3,4,371940,9
554,2023-11-14 13:06:00.000000 +00:00,10,300,4,{},4,3,4,2,3,4,5195,9
555,2023-12-05 12:30:00.000000 +00:00,20,1 plat,3,{},3,2,1,2,1,1,382107,63
556,2023-12-05 08:30:00.000000 +00:00,20,1 piece,4,{},4,5,3,3,3,4,263886,63
557,2023-11-28 13:00:00.000000 +00:00,20,1 plat,3,{},3,3,1,2,1,0,394907,69
558,2023-11-28 20:30:00.000000 +00:00,30,1 plat,4,{},4,2,6,3,1,4,309185,69
559,2023-11-29 12:30:00.000000 +00:00,30,1 plat,4,{},4,3,4,2,3,4,191288,69
560,2023-11-29 20:30:00.000000 +00:00,20,1 plat,5,{},5,2,1,3,1,1,331526,69
561,2023-11-30 12:30:00.000000 +00:00,15,1 piece,4,{},4,5,1,2,3,0,263886,69
562,2023-11-29 19:45:00.000000 +00:00,20,1 plat,4,{},3,2,1,3,2,1,331526,69
563,2023-12-01 14:30:00.000000 +00:00,30,1 plat,5,{},4,2,3,2,4,4,342301,69
564,2023-12-02 15:30:00.000000 +00:00,45,3 pieces,5,{},5,1,3,2,3,4,228781,69
565,2023-12-02 20:00:00.000000 +00:00,20,1 plat,5,{},3,2,1,3,1,1,309185,69
566,2023-12-03 12:30:00.000000 +00:00,20,1 plat,4,{},2,2,1,2,2,1,342301,69
567,2023-12-03 19:00:00.000000 +00:00,20,1 plat,3,{},3,2,1,3,1,1,394907,69
568,2023-12-06 00:56:00.000000 +00:00,20,1 piece,4,{},3,3,1,2,3,0,263886,69
569,2023-12-05 19:10:00.000000 +00:00,10,1 cup,4,{},4,2,2,3,1,4,235464,22
570,2023-11-27 11:30:00.000000 +00:00,20,1 piece,4,{},3,5,1,2,3,0,263886,70
571,2023-11-27 20:00:00.000000 +00:00,30,1 plat,4,{},4,2,1,3,1,1,394907,70
572,2023-11-28 16:00:00.000000 +00:00,30,1 plat,5,{},5,2,1,3,1,1,72384,70
573,2023-11-29 12:00:00.000000 +00:00,20,2 pieces,5,{},4,2,1,2,1,1,304796,70
574,2023-11-29 19:30:00.000000 +00:00,20,1 plat,4,{},3,2,1,3,2,1,72384,70
575,2023-11-30 13:00:00.000000 +00:00,20,1 piece,4,{},4,5,3,2,3,4,263886,70
576,2023-11-30 20:00:00.000000 +00:00,30,1 plat,5,{},5,2,1,3,1,1,394907,70
577,2023-12-01 13:00:00.000000 +00:00,30,1 plat,5,{},5,2,1,2,1,1,331526,70
578,2023-12-06 02:02:00.000000 +00:00,30,1 plat,5,{},5,1,3,3,3,4,216525,70
579,2023-12-02 13:00:00.000000 +00:00,40,1 plat,5,{},4,2,3,2,1,4,342301,70
580,2023-12-02 21:30:00.000000 +00:00,30,1 plat,4,{},3,2,1,3,2,1,342301,70
581,2023-12-03 13:00:00.000000 +00:00,30,2 pieces,4,{},3,2,1,2,1,1,304796,70
582,2023-12-03 20:00:00.000000 +00:00,20,1 plat,3,{},3,2,1,3,1,1,394907,70
583,2023-11-30 13:35:00.000000 +00:00,5,1,2,{},3,2,1,2,3,1,312730,19
584,2023-12-01 13:37:00.000000 +00:00,5,"",2,{},3,2,1,2,3,1,312730,19
585,2023-12-02 14:41:00.000000 +00:00,5,"",2,{},3,2,1,2,3,1,312730,19
586,2023-12-06 19:00:00.000000 +00:00,15,500,5,{},5,2,3,2,1,0,94958,24
587,2023-12-04 14:30:00.000000 +00:00,25,1 plate,3,{},3,2,3,2,1,4,192978,47
588,2023-12-04 11:14:00.000000 +00:00,10,1 plate,2,{},3,2,1,1,1,0,180223,47
589,2023-12-04 22:37:00.000000 +00:00,15,1 plate,4,{},3,2,3,3,2,4,268281,47
590,2023-12-05 22:40:00.000000 +00:00,10,1 sandwich,4,{},4,2,1,3,1,5,61145,47
591,2023-12-05 17:00:00.000000 +00:00,28,2 wraps,5,{},4,2,3,2,1,4,352641,47
592,2023-12-05 11:30:00.000000 +00:00,5,1 piece,2,{},3,2,1,1,3,5,238042,47
593,2023-12-06 09:30:00.000000 +00:00,5,2 pieces,3,{},3,2,1,1,2,5,437684,47
594,2023-12-06 13:30:00.000000 +00:00,20,1 plate,4,{},4,2,3,2,1,4,448513,47
595,2023-12-06 20:31:00.000000 +00:00,15,1 plate,4,{},3,2,3,3,1,4,192978,47
596,2023-12-04 08:40:00.000000 +00:00,5,2 pieces,2,{},4,2,1,1,2,5,39683,61
597,2023-12-04 14:42:00.000000 +00:00,20,1 plate,3,{},3,2,3,2,1,4,335962,61
598,2023-12-04 21:30:00.000000 +00:00,15,1 plate,3,{},4,2,1,3,1,0,151199,61
599,2023-12-05 08:49:00.000000 +00:00,10,1 piece,3,{},3,2,1,1,0,0,104993,61
600,2023-12-05 14:32:00.000000 +00:00,30,2 wraps,4,{},3,2,3,2,1,4,352641,61
601,2023-12-06 08:51:00.000000 +00:00,5,1 piece,2,{},2,2,1,1,1,0,351592,61
602,2023-12-06 13:35:00.000000 +00:00,20,1 plate,4,{},3,2,3,2,1,4,448513,61
603,2023-12-06 20:30:00.000000 +00:00,15,1 plate,3,{},2,2,3,3,1,4,192978,61
604,2023-12-04 08:36:00.000000 +00:00,4,1 piece,3,{},3,2,1,1,3,5,146040,49
605,2023-12-04 11:30:00.000000 +00:00,20,1 plate,4,{},4,1,1,2,3,0,81515,47
606,2023-12-04 17:31:00.000000 +00:00,20,1 sandwich,2,{},4,2,1,3,3,0,377404,47
607,2023-12-01 14:00:00.000000 +00:00,15,1,3,{},3,2,1,2,3,1,260370,19
608,2023-12-05 07:30:00.000000 +00:00,15,1 piece,4,{},3,2,1,1,3,0,434869,47
609,2023-12-04 19:00:00.000000 +00:00,15,300g,2,{},3,2,1,3,3,1,260370,19
610,2023-11-30 14:15:00.000000 +00:00,15,15 pieces,2,{},4,2,1,2,3,1,84720,19
611,2023-12-01 14:18:00.000000 +00:00,15,10,3,{},4,2,1,2,3,1,84720,19
612,2023-12-04 20:21:00.000000 +00:00,15,10,3,{},4,2,1,3,3,1,84720,19
613,2023-12-05 21:22:00.000000 +00:00,15,10,3,{},4,2,1,3,3,1,84720,19
614,2023-12-05 20:24:00.000000 +00:00,20,2 pieces,2,{},3,2,1,3,3,1,491730,19
615,2023-12-02 13:25:00.000000 +00:00,15,2 pieces,3,{},2,2,1,2,3,1,491730,19
616,2023-12-04 11:29:00.000000 +00:00,20,1 plate,4,{},4,1,1,2,3,0,375780,49
617,2023-12-04 17:26:00.000000 +00:00,15,1 sandwich,2,{},4,2,1,3,3,0,377404,49
618,2023-12-05 07:23:00.000000 +00:00,5,1 piece,3,{},4,2,1,1,3,0,131472,49
619,2023-12-07 12:19:00.000000 +00:00,0,1 s,,{},,,,,,,377404,49
620,2023-12-05 12:19:00.000000 +00:00,20,1 sandwich,4,{},3,2,1,2,3,0,377404,49
621,2023-12-05 18:00:00.000000 +00:00,25,1 plate,5,{},4,1,1,3,3,0,192978,49
622,2023-12-06 08:00:00.000000 +00:00,15,1 piece,1,{},4,2,1,1,3,0,471444,49
623,2023-12-06 11:26:00.000000 +00:00,30,1 sandwich,4,{},5,1,3,2,3,4,386121,49
624,2023-12-06 16:28:00.000000 +00:00,25,1 plate,4,{},3,1,3,3,3,4,192978,49
625,2023-12-04 06:00:00.000000 +00:00,5,2 piece,2,{},3,2,1,1,3,5,359020,50
626,2023-12-04 14:00:00.000000 +00:00,20,1 plate,3,{},4,2,1,2,1,1,228543,50
627,2023-12-04 20:00:00.000000 +00:00,30,1 plate,5,{},5,1,3,3,3,4,187493,50
628,2023-12-05 12:02:00.000000 +00:00,35,1 plate,5,{},5,2,1,1,1,1,489670,50
629,2023-12-05 17:00:00.000000 +00:00,10,1 wrap,2,{},3,4,4,1,1,4,490210,50
630,2023-12-05 22:00:00.000000 +00:00,25,1 plate,4,{},5,2,1,3,1,4,164560,50
631,2023-12-06 08:30:00.000000 +00:00,20,1 bowl,4,{},4,2,1,1,1,0,137830,50
632,2023-12-06 12:30:00.000000 +00:00,30,1 piece,5,{},5,5,3,2,1,4,155736,50
633,2023-12-06 22:59:00.000000 +00:00,10,1 bowl,4,{},4,2,1,3,1,0,129277,50
634,2023-12-03 07:13:00.000000 +00:00,20,1 bowl,4,{},3,2,1,1,1,0,439963,60
635,2023-12-03 12:10:00.000000 +00:00,15,1 sandwich,3,{},4,1,1,2,3,0,85767,60
636,2023-12-03 20:09:00.000000 +00:00,20,1 plate,5,{},4,2,1,3,1,0,192978,60
637,2023-12-04 07:05:00.000000 +00:00,20,1 bowl,4,{},3,2,1,1,1,0,501620,60
638,2023-12-04 12:12:00.000000 +00:00,20,1 plate,5,{},4,2,1,2,1,0,192978,60
639,2023-12-04 20:06:00.000000 +00:00,20,1 bowl,4,{},3,2,1,3,,0,107180,60
640,2023-12-05 07:05:00.000000 +00:00,20,1 bowl,4,{},3,2,1,1,1,0,439963,60
641,2023-12-05 14:05:00.000000 +00:00,20,1 piece,5,{},4,2,1,2,1,0,192978,60
642,2023-12-06 07:10:00.000000 +00:00,20,1 bowl,4,{},3,2,1,1,1,0,501620,60
643,2023-12-06 12:15:00.000000 +00:00,20,1 plate,5,{},4,2,1,2,1,0,365869,60
644,2023-12-06 20:05:00.000000 +00:00,20,1 bowl,4,{},3,2,1,3,1,0,107180,60
645,2023-12-19 10:01:00.000000 +00:00,0,"",,{},3,1,2,,,,162494,46
646,2024-01-03 22:52:00.000000 +00:00,15,A plate,3,{},3,1,2,2,2,,205530,5
647,2024-02-08 11:57:00.000000 +00:00,0,50,,{},,,1,4,,,331526,83
648,2024-04-17 12:36:00.000000 +00:00,0,"",,{},,,,,,,26795,100
649,2024-05-09 02:15:00.000000 +00:00,10,2,2,{},4,2,1,2,1,0,32229,101
650,2024-05-09 21:15:00.000000 +00:00,15,1,4,{},4,5,3,3,4,4,325024,101
651,2024-05-09 20:38:00.000000 +00:00,15,1,4,{},3,2,1,1,2,0,234398,101
652,2024-05-10 09:15:00.000000 +00:00,8,1,4,{},3,2,1,1,0,0,214485,101
653,2024-05-10 01:45:00.000000 +00:00,12,1,4,{},4,2,1,2,1,0,369040,101
654,2024-05-10 21:46:00.000000 +00:00,13,1,4,{},4,2,1,3,1,0,331526,101
655,2024-05-23 12:54:00.000000 +00:00,10,1,4,{},5,2,3,2,1,1,378770,102
656,2024-05-23 07:30:00.000000 +00:00,5,5 Slice,5,{},5,2,7,1,3,2,181708,102
657,2024-05-22 08:00:00.000000 +00:00,20,3 Slice,2,{},5,2,3,1,1,4,76561,102
658,2024-05-22 12:45:00.000000 +00:00,30,1,4,{},5,4,7,2,2,1,255408,102
659,2024-05-22 20:00:00.000000 +00:00,30,1 plate,5,{},3,2,7,3,1,1,503873,102
660,2024-05-22 07:00:00.000000 +00:00,25,350 grams,3,{},5,2,7,1,3,1,181708,107
661,2024-05-22 12:45:00.000000 +00:00,30,1 plate,5,{},5,4,4,2,1,4,491277,107
662,2024-05-22 20:05:00.000000 +00:00,30,2 Slice,3,{},5,2,7,3,2,1,254464,107
663,2024-05-23 07:30:00.000000 +00:00,15,3 Pieces,2,{},4,2,7,1,3,2,188825,107
664,2024-05-23 01:30:00.000000 +00:00,30,2 Cups,5,{},5,4,3,2,1,4,218839,107
665,2024-05-22 04:30:00.000000 +00:00,30,1 plate,5,{},5,4,7,4,3,5,426146,107
666,2024-05-23 17:40:00.000000 +00:00,15,1,5,{},5,4,7,3,1,5,386121,107
667,2024-05-23 19:54:00.000000 +00:00,5,1 Piece,3,{},5,2,7,4,4,1,34821,107
668,2024-05-23 13:00:00.000000 +00:00,25,plate,5,{},5,3,3,2,1,4,489692,108
669,2024-05-23 07:00:00.000000 +00:00,15,200 grams,4,{},5,2,2,1,1,2,492546,108
670,2024-05-25 07:20:00.000000 +00:00,5,1 plate,3,{},2,2,2,1,1,4,222289,109
671,2024-05-25 12:29:00.000000 +00:00,20,200 grams,4,{},4,3,4,2,3,5,205530,109
672,2024-05-25 18:45:00.000000 +00:00,30,250 grams,5,{},4,2,2,3,1,4,244549,109
673,2024-05-22 08:44:00.000000 +00:00,13,2,4,{},4,2,2,1,0,4,437684,110
674,2024-05-22 13:45:00.000000 +00:00,18,1,4,{},4,2,2,2,1,1,106612,110
675,2024-05-22 20:30:00.000000 +00:00,17,1,4,{},3,2,2,3,2,4,378770,110
676,2024-05-23 07:48:00.000000 +00:00,14,1,4,{},4,2,2,1,0,4,260556,110
677,2024-05-23 01:30:00.000000 +00:00,10,1,4,{},4,1,1,2,3,0,412692,110
678,2024-05-23 22:12:00.000000 +00:00,13,1,4,{},4,2,1,3,1,0,187493,110
679,2024-05-23 21:54:00.000000 +00:00,12,1,4,{},4,2,1,3,1,1,94958,110
680,2024-05-24 08:56:00.000000 +00:00,8,2,4,{},3,2,1,1,3,3,172090,110
681,2024-05-24 14:12:00.000000 +00:00,10,1,4,{},4,1,1,2,0,0,266342,110
682,2024-05-25 08:00:00.000000 +00:00,10,1,4,{},4,2,1,1,1,0,169689,110
683,2024-05-26 08:00:00.000000 +00:00,14,1,4,{},4,2,1,1,0,0,169689,110
684,2024-05-25 14:12:00.000000 +00:00,13,1,4,{},5,2,1,2,1,0,25065,110
685,2024-05-26 14:04:00.000000 +00:00,20,1,5,{},5,2,1,2,1,1,33752,110
686,2024-05-26 20:06:00.000000 +00:00,12,1,4,{},4,2,1,3,1,0,94958,110
687,2024-05-25 21:07:00.000000 +00:00,14,1,5,{},5,2,1,3,1,1,94958,110
688,2024-05-26 08:00:00.000000 +00:00,15,2 plates,4,{},4,3,4,1,2,3,343941,109
689,2024-05-26 12:30:00.000000 +00:00,30,1 plate,5,{},5,5,3,2,3,4,373713,109
690,2024-05-26 18:40:00.000000 +00:00,20,150 grams,3,{},4,2,2,3,1,0,287083,109
691,2024-05-11 08:50:00.000000 +00:00,8,1,3,{},3,2,1,1,2,0,260556,101
692,2024-05-12 08:30:00.000000 +00:00,12,1,4,{},3,2,1,1,2,0,260556,101
693,2024-05-13 08:52:00.000000 +00:00,11,1,4,{},3,2,1,1,2,0,434869,101
694,2024-05-14 08:30:00.000000 +00:00,10,1,4,{},3,2,1,1,1,0,41211,101
695,2024-05-15 08:54:00.000000 +00:00,11,1,2,{},3,2,1,1,2,0,41211,101
696,2024-05-12 16:56:00.000000 +00:00,17,1,3,{},3,1,3,2,0,4,107941,101
697,2024-05-11 13:58:00.000000 +00:00,15,1,3,{},3,1,1,2,0,0,96114,101
698,2024-05-11 21:00:00.000000 +00:00,13,1,3,{},5,2,1,3,1,0,172790,101
699,2024-05-12 21:30:00.000000 +00:00,13,1,3,{},4,2,1,3,1,0,172790,101
700,2024-05-13 13:02:00.000000 +00:00,14,1,4,{},4,2,1,2,1,0,131687,101
701,2024-05-14 13:40:00.000000 +00:00,15,1,4,{},4,2,1,2,1,0,131687,101
702,2024-05-15 14:04:00.000000 +00:00,19,1,4,{},3,1,3,2,3,0,134254,101
703,2024-05-13 21:07:00.000000 +00:00,14,1,3,{},3,2,1,3,3,0,267689,101
704,2024-05-14 21:20:00.000000 +00:00,13,1,3,{},4,2,1,3,1,4,331526,101
705,2024-05-15 20:10:00.000000 +00:00,16,1,4,{},4,2,1,3,1,0,325024,101
706,2024-05-20 07:33:00.000000 +00:00,13,2,4,{},4,2,1,1,1,0,214485,110
707,2024-05-21 07:20:00.000000 +00:00,14,2,3,{},4,2,1,1,1,0,214485,110
708,2024-05-20 13:36:00.000000 +00:00,16,"",4,{},3,2,1,2,2,0,468930,110
709,2024-05-21 14:37:00.000000 +00:00,16,1,4,{},3,2,1,2,0,0,131687,110
710,2024-05-20 21:38:00.000000 +00:00,14,1,3,{},3,2,1,3,1,0,378770,110
711,2024-05-21 22:12:00.000000 +00:00,16,1,4,{},3,2,1,3,1,1,159361,110
712,2024-05-24 07:16:00.000000 +00:00,10,1 Cup,3,{},5,2,1,1,1,1,234352,107
713,2024-05-24 10:15:00.000000 +00:00,15,2 Pieces,4,{},4,3,1,1,3,1,186596,107
714,2024-05-24 12:30:00.000000 +00:00,30,1 plate,4,{},5,3,1,2,1,2,426146,107
715,2024-05-24 20:00:00.000000 +00:00,30,500 grams,5,{},4,2,3,3,1,4,455524,107
716,2024-05-24 17:30:00.000000 +00:00,15,2 Pieces,4,{},5,5,3,2,3,4,5195,107
717,2024-05-25 09:00:00.000000 +00:00,20,1 plate,4,{},5,2,1,1,2,1,437684,107
718,2024-05-25 13:00:00.000000 +00:00,30,1 plate,4,{},5,4,3,2,2,5,116025,107
719,2024-05-25 17:30:00.000000 +00:00,30,1 Cups,3,{},4,4,1,2,3,1,260370,107
720,2024-05-25 21:00:00.000000 +00:00,30,1 plate,5,{},4,1,3,3,3,4,489692,107
721,2024-05-26 09:00:00.000000 +00:00,15,200 Grams,3,{},4,2,1,1,1,2,241570,107
722,2024-05-26 13:00:00.000000 +00:00,30,1 plate,5,{},5,2,1,2,1,6,331526,107
723,2024-05-26 16:00:00.000000 +00:00,10,1 Piece,3,{},5,2,1,4,1,2,486461,107
724,2024-05-26 20:00:00.000000 +00:00,15,1 plate,5,{},3,2,1,3,1,4,187493,107
725,2024-05-27 07:30:00.000000 +00:00,15,5 Pieces,3,{},4,3,4,1,3,4,54340,107
726,2024-05-27 12:00:00.000000 +00:00,20,1 Piece,4,{},3,3,1,2,3,1,412692,107
727,2024-05-27 16:45:00.000000 +00:00,5,1 Cup,3,{},4,3,4,4,3,4,234352,107
728,2024-05-27 20:10:00.000000 +00:00,30,300 grams,5,{},5,2,1,3,1,1,489692,107
729,2024-05-28 07:30:00.000000 +00:00,20,2 Pieces,4,{},5,2,1,1,1,1,186596,107
730,2024-05-28 12:00:00.000000 +00:00,15,1 Piece,4,{},4,4,3,2,3,4,477148,107
731,2024-05-25 08:00:00.000000 +00:00,20,1 Piece,4,{},5,2,2,1,1,4,241570,117
732,2024-05-25 12:00:00.000000 +00:00,20,1 Piece,5,{},4,3,4,2,1,4,266342,117
733,2024-05-25 19:00:00.000000 +00:00,30,1 plate,4,{},5,2,2,3,1,7,503873,117
734,2024-05-26 08:00:00.000000 +00:00,30,500 grams,4,{},5,2,2,1,1,4,347197,117
735,2024-05-26 12:30:00.000000 +00:00,20,1 Piece,4,{},5,3,4,2,3,4,196717,117
736,2024-05-26 19:00:00.000000 +00:00,15,1 Cup,3,{},5,2,1,3,1,1,260370,117
737,2024-05-26 22:00:00.000000 +00:00,30,1 plate,5,{},5,2,2,4,1,7,426146,117
738,2024-05-27 07:00:00.000000 +00:00,20,1 Piece,4,{},4,2,2,1,1,7,220777,117
739,2024-05-27 12:15:00.000000 +00:00,15,1 plate,4,{},5,3,1,2,3,2,426146,117
740,2024-05-27 16:00:00.000000 +00:00,5,1 Glass,2,{},5,3,1,5,4,5,290214,117
741,2024-05-27 20:00:00.000000 +00:00,30,2 Pieces,5,{},5,2,2,3,1,4,6613,117
742,2024-05-30 08:10:00.000000 +00:00,10,1 plate,3,{},4,4,4,1,2,5,349954,109
743,2024-05-30 12:40:00.000000 +00:00,20,1,5,{},4,5,1,2,3,2,373713,109
744,2024-05-30 21:00:00.000000 +00:00,16,1,,{},,,,,,,373713,109
745,2024-05-24 07:20:00.000000 +00:00,18,2,3,{},3,2,2,1,0,4,214485,111
746,2024-05-25 07:00:00.000000 +00:00,13,2,3,{},3,2,2,1,0,4,383124,111
747,2024-05-26 07:29:00.000000 +00:00,11,1,3,{},3,2,2,1,0,4,200646,111
748,2024-05-27 07:30:00.000000 +00:00,12,1,2,{},3,2,2,1,0,1,200646,111
749,2024-05-28 07:20:00.000000 +00:00,10,2,3,{},4,2,2,1,1,1,104993,111
750,2024-05-29 07:32:00.000000 +00:00,12,2,2,{},4,2,2,1,1,4,104993,111
751,2024-05-30 07:22:00.000000 +00:00,10,1,3,{},4,2,2,1,0,0,200646,111
752,2024-05-24 13:02:00.000000 +00:00,18,1,3,{},3,3,3,2,3,4,378770,111
753,2024-05-25 13:37:00.000000 +00:00,17,2,3,{},4,2,2,2,0,0,503873,111
754,2024-05-26 13:38:00.000000 +00:00,19,1,3,{},4,2,2,2,0,4,187493,111
755,2024-05-27 13:12:00.000000 +00:00,15,1,3,{},3,3,3,2,3,4,198237,111
756,2024-05-28 13:22:00.000000 +00:00,14,1,3,{},3,3,3,2,3,4,468930,111
757,2024-05-29 13:14:00.000000 +00:00,13,1,3,{},2,3,4,2,3,0,182811,111
758,2024-05-30 13:15:00.000000 +00:00,19,1,2,{},4,3,4,2,3,4,244549,111
759,2024-05-24 21:47:00.000000 +00:00,19,2,2,{},4,2,2,3,3,1,32229,111
760,2024-05-25 20:48:00.000000 +00:00,16,1,3,{},2,2,2,3,0,1,297292,111
761,2024-05-26 20:50:00.000000 +00:00,18,1,2,{},4,2,2,3,0,1,134254,111
762,2024-05-27 20:50:00.000000 +00:00,17,1,2,{},4,2,2,3,0,4,325024,111
763,2024-05-28 20:50:00.000000 +00:00,22,"",2,{},3,2,2,3,0,1,9054,111
764,2024-05-29 21:11:00.000000 +00:00,18,1,3,{},4,2,2,3,0,0,92981,111
765,2024-05-30 21:53:00.000000 +00:00,19,2,2,{},4,2,2,3,0,0,453280,111
766,2024-05-26 08:04:00.000000 +00:00,13,2,3,{},4,2,1,1,2,0,437684,113
767,2024-05-25 07:00:00.000000 +00:00,17,2,3,{},2,2,1,1,3,0,371433,120
768,2024-05-26 07:02:00.000000 +00:00,14,2,3,{},2,2,2,1,3,0,225473,120
769,2024-05-27 07:15:00.000000 +00:00,15,1,3,{},4,2,1,1,1,0,34344,120
770,2024-05-28 07:10:00.000000 +00:00,17,1,4,{},4,2,1,1,3,0,34344,120
771,2024-05-29 07:18:00.000000 +00:00,14,2,2,{},3,2,1,1,3,0,398644,120
772,2024-05-30 07:20:00.000000 +00:00,14,1,3,{},4,2,1,1,1,1,447180,120
773,2024-05-31 07:30:00.000000 +00:00,13,2,3,{},4,2,1,1,3,0,398644,120
774,2024-05-31 13:11:00.000000 +00:00,18,1,3,{},4,3,4,2,3,4,378770,120
775,2024-05-26 13:18:00.000000 +00:00,22,"",3,{},4,3,4,2,3,0,331526,120
776,2024-05-27 13:15:00.000000 +00:00,17,2,2,{},3,3,4,2,3,4,455524,120
777,2024-05-28 13:16:00.000000 +00:00,19,1,2,{},4,3,4,2,3,4,198237,120
778,2024-05-29 13:11:00.000000 +00:00,21,1,2,{},4,1,3,2,3,4,182811,120
779,2024-05-29 13:20:00.000000 +00:00,16,2,2,{},4,1,1,2,3,0,182048,120
780,2024-05-30 13:12:00.000000 +00:00,13,1,2,{},2,3,3,2,3,0,389181,120
781,2024-05-31 13:22:00.000000 +00:00,16,1,2,{},3,2,1,2,0,0,306086,120
782,2024-05-25 21:50:00.000000 +00:00,17,1,2,{},3,2,1,3,1,0,40284,120
783,2024-05-26 22:27:00.000000 +00:00,18,1,2,{},2,2,1,3,1,0,260779,120
784,2024-05-27 21:29:00.000000 +00:00,21,1,2,{},4,2,1,3,1,0,187493,120
785,2024-05-28 21:22:00.000000 +00:00,12,1,2,{},4,2,1,3,1,0,468930,120
786,2024-05-29 20:31:00.000000 +00:00,11,1,3,{},3,1,1,3,3,0,205474,120
787,2024-05-30 21:32:00.000000 +00:00,10,2,3,{},3,2,1,3,1,0,40284,120
788,2024-05-31 21:33:00.000000 +00:00,18,2,2,{},4,2,1,3,1,0,241666,120
789,2024-05-24 08:10:00.000000 +00:00,16,1,2,{},3,2,2,1,0,4,260556,113
790,2024-05-25 08:14:00.000000 +00:00,14,1,3,{},4,2,2,1,0,0,172090,113
791,2024-05-27 08:25:00.000000 +00:00,14,2,2,{},4,2,2,1,1,0,396054,113
792,2024-05-28 08:26:00.000000 +00:00,14,2,2,{},4,2,2,1,1,0,214485,113
793,2024-05-29 08:15:00.000000 +00:00,16,1,2,{},4,2,2,1,1,4,408481,113
794,2024-05-30 08:29:00.000000 +00:00,15,3,2,{},4,2,2,1,1,0,441550,113
795,2024-05-24 13:31:00.000000 +00:00,14,1,2,{},3,1,3,2,3,0,205530,113
796,2024-05-25 14:32:00.000000 +00:00,16,1,2,{},4,2,2,2,1,4,489692,113
797,2024-05-26 14:33:00.000000 +00:00,13,1,4,{},4,2,2,2,1,1,331526,113
798,2024-05-27 13:34:00.000000 +00:00,15,1,4,{},5,4,3,2,3,4,72384,113
799,2024-05-28 13:35:00.000000 +00:00,13,1,3,{},4,4,3,2,3,4,96114,113
800,2024-05-29 13:35:00.000000 +00:00,15,1,5,{},5,2,2,2,0,1,131687,113
801,2024-05-30 13:03:00.000000 +00:00,14,1,2,{},5,4,1,2,3,0,182811,113
802,2024-05-24 20:38:00.000000 +00:00,17,1,3,{},5,2,2,3,0,1,448244,113
803,2024-05-25 20:56:00.000000 +00:00,12,1,4,{},4,2,2,3,1,4,61673,113
804,2024-05-26 20:40:00.000000 +00:00,16,1,4,{},4,2,2,3,0,0,21621,113
805,2024-05-27 20:40:00.000000 +00:00,14,1,5,{},3,2,2,3,0,0,325024,113
806,2024-05-29 20:30:00.000000 +00:00,13,3,4,{},5,2,2,3,1,4,8641,113
807,2024-05-29 20:42:00.000000 +00:00,16,1,4,{},4,2,2,3,0,0,110755,113
808,2024-05-30 20:43:00.000000 +00:00,16,1,2,{},4,2,1,3,1,3,453280,113
809,2024-06-01 07:50:00.000000 +00:00,10,1 plate,4,{},5,3,4,1,2,7,46113,109
810,2024-06-01 12:38:00.000000 +00:00,15,1 plate,4,{},5,5,6,2,4,6,241819,109
811,2024-06-01 20:30:00.000000 +00:00,20,200 grams,5,{},3,2,2,3,1,4,464401,109
812,2024-06-02 11:41:00.000000 +00:00,12,1 plate,4,{},4,3,4,2,3,5,489692,109
813,2024-06-02 07:43:00.000000 +00:00,10,1 plate,3,{},4,1,1,1,3,0,46113,109
814,2024-06-03 08:00:00.000000 +00:00,10,1 cup,4,{},5,2,1,1,4,7,231943,109
815,2024-06-03 13:00:00.000000 +00:00,25,1platr,5,{},4,1,3,2,3,4,373713,109
816,2024-06-03 18:00:00.000000 +00:00,15,1 plate,4,{},3,5,1,3,3,0,75462,109
817,2024-06-01 07:30:00.000000 +00:00,15,1 plate,5,{},5,2,2,1,1,1,194619,107
818,2024-06-01 12:30:00.000000 +00:00,30,1 plate,5,{},5,1,3,2,3,4,378770,107
819,2024-06-01 16:32:00.000000 +00:00,15,1 Cup,3,{},5,1,3,5,3,4,234352,107
820,2024-06-01 21:00:00.000000 +00:00,30,1 plate,5,{},4,2,1,3,1,1,187493,107
821,2024-05-28 08:00:00.000000 +00:00,15,1 Piece,4,{},5,3,4,1,2,4,492546,117
822,2024-05-28 12:30:00.000000 +00:00,30,500 grams,5,{},5,3,4,2,4,4,334868,117
823,2024-05-28 21:15:00.000000 +00:00,30,1 plate,5,{},4,2,1,3,1,1,378770,117
824,2024-05-29 07:30:00.000000 +00:00,15,1 Cup,3,{},5,2,1,1,1,1,234352,117
825,2024-05-29 12:30:00.000000 +00:00,15,1 Piece,5,{},3,1,4,2,3,4,347279,117
826,2024-05-29 20:30:00.000000 +00:00,30,1 plate,5,{},5,2,1,3,1,1,116025,117
827,2024-05-30 06:30:00.000000 +00:00,20,2 Pieces,4,{},5,2,1,1,2,1,186596,117
828,2024-05-30 12:30:00.000000 +00:00,30,1 plate,4,{},5,3,4,2,1,5,198237,117
829,2024-05-30 09:44:00.000000 +00:00,30,1 plate,5,{},5,2,1,3,1,1,426146,117
830,2024-05-31 07:30:00.000000 +00:00,15,2 Pieces,4,{},5,2,1,1,1,1,351592,117
831,2024-05-31 12:30:00.000000 +00:00,30,1 plate,5,{},5,3,4,2,1,4,489692,117
832,2024-05-31 21:00:00.000000 +00:00,30,1 plate,4,{},4,2,1,3,1,1,260370,117
833,2024-06-01 09:00:00.000000 +00:00,15,2 Piece,4,{},5,1,2,1,3,4,492546,117
834,2024-06-01 13:00:00.000000 +00:00,30,2 Pieces,5,{},5,1,2,2,3,6,409838,117
835,2024-06-01 22:00:00.000000 +00:00,30,1 plate,4,{},5,2,2,3,1,7,96114,117
836,2024-06-04 08:30:00.000000 +00:00,30,2 Pieces,4,{},5,2,2,1,1,1,500739,109
837,2024-06-04 12:30:00.000000 +00:00,30,1 Piece,4,{},5,1,2,2,3,4,360569,109
838,2024-06-04 20:30:00.000000 +00:00,30,1 plate,5,{},5,2,2,3,1,4,489692,109
839,2024-05-25 12:00:00.000000 +00:00,25,"",5,{},5,3,3,2,3,7,304796,125
840,2024-05-25 08:00:00.000000 +00:00,10,5 Pieces,3,{},5,2,1,1,3,1,203387,125
841,2024-05-25 19:50:00.000000 +00:00,30,1 plate,5,{},5,2,3,3,2,1,228252,125
842,2024-05-26 08:00:00.000000 +00:00,15,2 Pieces,4,{},5,2,2,1,3,2,186596,125
843,2024-05-26 12:00:00.000000 +00:00,30,1 Piece,4,{},5,3,3,2,3,1,441916,125
844,2024-05-26 21:00:00.000000 +00:00,15,1 plate,4,{},5,2,2,3,1,6,378770,125
845,2024-05-27 08:00:00.000000 +00:00,20,1 plate,4,{},5,2,2,1,1,1,316778,125
846,2024-05-27 12:00:00.000000 +00:00,15,1 plate,4,{},5,3,3,2,3,4,426146,125
847,2024-05-27 21:00:00.000000 +00:00,30,1 Cup,3,{},5,2,1,3,1,1,260779,125
848,2024-05-28 08:00:00.000000 +00:00,5,1 Cup,3,{},5,2,1,1,1,1,234352,125
849,2024-05-28 12:00:00.000000 +00:00,15,1 plate,4,{},5,1,3,2,3,4,215377,125
850,2024-05-28 20:00:00.000000 +00:00,20,1 plate,3,{},5,2,2,3,1,4,205530,125
851,2024-05-29 08:00:00.000000 +00:00,15,2 Piece,3,{},4,2,2,1,2,1,46113,125
852,2024-05-29 12:00:00.000000 +00:00,30,1 plate,5,{},5,3,3,2,3,2,72384,125
853,2024-05-29 20:00:00.000000 +00:00,15,2 Pieces,4,{},5,2,2,3,1,1,194619,125
854,2024-05-30 08:00:00.000000 +00:00,15,1 Piece,4,{},4,2,2,1,1,1,221529,125
855,2024-05-30 12:00:00.000000 +00:00,15,4 Pieces,5,{},5,3,3,2,1,1,206452,125
856,2024-05-30 21:00:00.000000 +00:00,30,1 plate,5,{},5,2,2,3,1,4,134254,125
857,2024-05-31 08:00:00.000000 +00:00,15,2 Piece,5,{},5,2,2,1,1,4,32229,125
858,2024-05-31 12:00:00.000000 +00:00,15,1 Cup,4,{},5,3,3,2,1,1,261681,125
859,2024-05-31 20:00:00.000000 +00:00,30,1 plate,4,{},5,2,2,3,1,4,292535,125
860,2024-05-24 12:30:00.000000 +00:00,20,plate,5,{},4,3,4,2,3,4,501184,108
861,2024-05-24 19:00:00.000000 +00:00,10,plate,4,{},5,2,2,3,1,1,72384,108
862,2024-05-25 08:00:00.000000 +00:00,15,plate,5,{},5,2,2,1,1,3,305375,108
863,2024-05-25 12:30:00.000000 +00:00,25,plate,5,{},5,3,3,2,1,2,263886,108
864,2024-05-25 20:00:00.000000 +00:00,15,plate,4,{},5,2,2,3,1,1,84720,108
865,2024-05-26 07:30:00.000000 +00:00,22,plate,5,{},5,5,1,1,0,7,481972,108
866,2024-05-26 13:00:00.000000 +00:00,25,plate,4,{},5,4,3,2,1,5,448244,108
867,2024-05-26 21:00:00.000000 +00:00,21,200 grams,4,{},5,2,3,3,2,4,196624,108
868,2024-05-27 09:00:00.000000 +00:00,21,plate,4,{},5,1,1,1,3,3,76561,108
869,2024-05-27 13:00:00.000000 +00:00,20,plate,5,{},5,3,7,2,2,3,214902,108
870,2024-05-27 20:00:00.000000 +00:00,12,plate,5,{},4,2,2,3,2,7,506833,108
871,2024-05-28 08:00:00.000000 +00:00,17,plate,5,{},5,1,1,1,1,4,131472,108
872,2024-05-28 12:00:00.000000 +00:00,22,plate,4,{},5,3,4,2,3,2,347321,108
873,2024-05-28 21:00:00.000000 +00:00,21,plate,5,{},5,2,2,3,1,1,485196,108
874,2024-05-29 08:00:00.000000 +00:00,20,plate,5,{},5,1,1,1,0,2,384063,108
875,2024-05-29 13:30:00.000000 +00:00,24,plate,5,{},5,3,4,2,2,5,16400,108
876,2014-05-29 19:00:00.000000 +00:00,22,plate,5,{},5,2,2,3,1,1,373713,108
877,2024-05-30 07:30:00.000000 +00:00,29,plate,5,{},5,1,1,1,2,3,472227,108
878,2024-05-30 13:03:00.000000 +00:00,24,plate,5,{},5,4,3,2,2,4,427230,108
879,2024-05-30 21:00:00.000000 +00:00,26,plate,5,{},5,4,2,3,2,4,255408,108
880,2024-06-08 18:40:00.000000 +00:00,20,150 grams,3,{},4,2,1,4,1,3,304796,106
881,2024-05-18 11:25:00.000000 +00:00,35,275 grams,1,{},3,2,1,1,1,5,188825,106
882,2024-06-12 13:34:00.000000 +00:00,30,100gr,5,{},5,2,1,2,1,1,205530,127
883,2024-06-12 07:42:00.000000 +00:00,30,100gr,5,{},5,1,1,1,1,1,188825,127
884,2024-06-12 20:00:00.000000 +00:00,30,100gr,5,{},5,2,1,3,1,1,373713,127
885,2024-06-08 10:40:00.000000 +00:00,30,2 cups,2,{},5,2,3,1,1,1,186596,134
886,2024-05-23 19:15:00.000000 +00:00,45,250 Gram,2,{},3,2,4,3,1,4,347197,134
887,2024-06-01 16:15:00.000000 +00:00,50,500 grams,3,{},4,3,4,2,1,4,96114,106
888,2024-06-09 20:30:00.000000 +00:00,35,300 grams,1,{},5,2,3,3,2,6,304796,106
889,2024-04-05 19:55:00.000000 +00:00,15,150 GR,1,{},5,1,2,3,3,4,503873,136
890,2024-06-05 16:35:00.000000 +00:00,25,225 GR,3,{},4,2,1,4,1,2,337766,136
891,2024-05-01 12:15:00.000000 +00:00,35,350 GR,2,{},3,3,3,2,3,4,491277,136
892,2024-06-01 07:01:00.000000 +00:00,15,4 cookies,4,{},4,2,2,1,1,2,188825,137
893,2024-06-10 07:02:00.000000 +00:00,28,1 plat,5,{},5,2,2,2,1,1,331526,137
